feature_id	component_id	structure_taxonomy_npclassifier_01pathway_consensus	freq_structure_taxonomy_npclassifier_01pathway	structure_taxonomy_npclassifier_02superclass_consensus	freq_structure_taxonomy_npclassifier_02superclass	structure_taxonomy_npclassifier_03class_consensus	freq_structure_taxonomy_npclassifier_03class	rank_spec	msms_score	libname	structure_wikidata	structure_inchikey	structure_inchi	structure_smiles	structure_molecular_formula	adduct	structure_exact_mass	structure_nameTraditional	short_inchikey	structure_taxonomy_npclassifier_01pathway	structure_taxonomy_npclassifier_02superclass	structure_taxonomy_npclassifier_03class	organism_wikidata	organism_name	organism_taxonomy_ottid	organism_taxonomy_01domain	organism_taxonomy_02kingdom	organism_taxonomy_03phylum	organism_taxonomy_04class	organism_taxonomy_05order	organism_taxonomy_06family	organism_taxonomy_07tribe	organism_taxonomy_08genus	organism_taxonomy_09species	organism_taxonomy_10varietas	matched_domain	matched_kingdom	matched_phylum	matched_class	matched_order	matched_family	matched_tribe	matched_genus	matched_species	score_taxo	score_max_consistency	final_score	rank_final
283	17							1.0	0.26535836	ISDB									XQQARSOXXGMYHZ							['Unknown']	['Unknown']	['Unknown']	['Unknown']	['Unknown']	['Unknown']	['Unknown']	['Unknown']	['Unknown']											0	0	1.0614334344863892	1
281	-1							1.0	0.71088636	ISDB									ITDCWBRGZUMNOD							['Unknown']	['Unknown']	['Unknown']	['Unknown']	['Unknown']	['Unknown']	['Unknown']	['Unknown']	['Unknown']											0	0	2.843545436859131	1
270	-1							1.0	0.6344456	ISDB	http://www.wikidata.org/entity/Q105225453	QPLGXXNSCABWOF-RGKXCGFSSA-N	InChI=1S/C30H40O2/c1-18-11-14-28(6,23-15-21(4)29(25(31)17-23)12-7-9-19(29)2)26-24(18)16-22(5)30(27(26)32)13-8-10-20(30)3/h15-17,19-20,26H,7-14H2,1-6H3/t19-,20-,26-,28-,29+,30+/m1/s1	CC1=CC([C@@]2(C)CCC(C)=C3C=C(C)[C@@]4(CCC[C@H]4C)C(=O)[C@@H]32)=CC(=O)[C@]12CCC[C@H]2C	C30H40O2		432.30283052	(2S,2'R,8S,8aR)-8-[(4R,5S)-4,6-dimethyl-10-oxospiro[4.5]deca-6,8-dien-8-yl]-2',3,5,8-tetramethylspiro[7,8a-dihydro-6H-naphthalene-2,1'-cyclopentane]-1-one	QPLGXXNSCABWOF	Terpenoids	Diterpenoids	Trinervitane diterpenoids	http://www.wikidata.org/entity/Q2360058	Cineraria	353345.0	['Eukaryota']	['Archaeplastida']	['Streptophyta']	['Magnoliopsida']	['Asterales']	['Asteraceae']	['Senecioneae']	['Cineraria']	['Unknown']											0	0	2.5377824306488037	1
258	7	Fatty acids	0.6285714285714286	Fatty amides	0.42857142857142855	Primary amides	0.37142857142857144	1.0	0.8037233	ISDB	http://www.wikidata.org/entity/Q27231146	UAUDZVJPLUQNMU-KTKRTIGZSA-N	InChI=1S/C22H43NO/c1-2-3-4-5-6-7-8-9-10-11-12-13-14-15-16-17-18-19-20-21-22(23)24/h9-10H,2-8,11-21H2,1H3,(H2,23,24)/b10-9-	CCCCCCCC/C=C\CCCCCCCCCCCC(N)=O	C22H43NO		337.334464996	Erucamide	UAUDZVJPLUQNMU	Fatty acids	Fatty amides	Primary amides	http://www.wikidata.org/entity/Q309852	Euglena gracilis	1073327.0	['Eukaryota']	['Unknown']	['Euglenida']	['Euglenophyceae']	['Unknown']	['Euglenaceae']	['Unknown']	['Euglena']	['Euglena gracilis']		['Eukaryota']									1	3	5.714893102645874	1
250	-1							1.0	0.43541306	ISDB									QHOIQOLIYVGNEJ							['Unknown']	['Unknown']	['Unknown']	['Unknown']	['Unknown']	['Unknown']	['Unknown']	['Unknown']	['Unknown']											0	0	1.741652250289917	1
244	-1							2.0	0.24290925	ISDB	http://www.wikidata.org/entity/Q105176174	NACRYBSGHPQZTL-UVYZFVDISA-N	InChI=1S/C28H40O3/c1-17(2)7-8-18(3)23-11-12-24-22-10-9-20-15-21(30)13-14-27(20,5)25(22)16-26(28(23,24)6)31-19(4)29/h7-8,13-15,17-18,22-26H,9-12,16H2,1-6H3/b8-7+/t18-,22-,23+,24-,25-,26+,27-,28+/m0/s1	CC(=O)O[C@@H]1C[C@H]2[C@@H](CCC3=CC(=O)C=C[C@@]32C)[C@@H]2CC[C@H]([C@@H](C)/C=C/C(C)C)[C@@]12C	C28H40O3		424.29774514	[(8R,9S,10R,12R,13R,14S,17R)-10,13-dimethyl-17-[(E,2S)-5-methylhex-3-en-2-yl]-3-oxo-6,7,8,9,11,12,14,15,16,17-decahydrocyclopenta[a]phenanthren-12-yl] acetate	NACRYBSGHPQZTL	Terpenoids	Steroids	Cholestane steroids	http://www.wikidata.org/entity/Q2006197	Gersemia rubiformis	463880.0	['Eukaryota']	['Metazoa']	['Cnidaria']	['Anthozoa']	['Alcyonacea']	['Nephtheidae']	['Unknown']	['Gersemia']	['Gersemia rubiformis']		['Eukaryota']	['Metazoa']								2	0	2.971637010574341	1
239	7	Fatty acids	0.6285714285714286	Fatty amides	0.42857142857142855	Primary amides	0.37142857142857144	1.0	0.8065552	ISDB	http://www.wikidata.org/entity/Q105149280	LBHQTVBKPMHICN-MDZDMXLPSA-N	InChI=1S/C20H39NO/c1-2-3-4-5-6-7-8-9-10-11-12-13-14-15-16-17-18-19-20(21)22/h9-10H,2-8,11-19H2,1H3,(H2,21,22)/b10-9+	CCCCCCCC/C=C/CCCCCCCCCC(N)=O	C20H39NO		309.303164868	trans-11-Icosenamide	LBHQTVBKPMHICN	Fatty acids	Fatty amides	Primary amides	http://www.wikidata.org/entity/Q1144013	Streptomyces	772892.0	['Bacteria']	['Unknown']	['Actinobacteria']	['Unknown']	['Streptomycetales']	['Streptomycetaceae']	['Unknown']	['Streptomyces']	['Unknown']											0	3	4.7262208461761475	1
235	7	Fatty acids	0.6285714285714286	Fatty amides	0.42857142857142855	Primary amides	0.37142857142857144	1.0	0.6727194	ISDB									XCADPUVJDQXSTQ							['Unknown']	['Unknown']	['Unknown']	['Unknown']	['Unknown']	['Unknown']	['Unknown']	['Unknown']	['Unknown']											0	0	2.690877676010132	1
230	3	Terpenoids	1.0	Diterpenoids	1.0	Serrulatane and Biflorane diterpenoids	0.6666666666666666	1.0	0.48859543	ISDB	http://www.wikidata.org/entity/Q105385481	ZXEVPUOHSXARBR-VIPLHTEESA-N	InChI=1S/C20H28O2/c1-12-14-10-13-6-7-17-19(2,3)8-5-9-20(17,4)15(13)11-16(14)22-18(12)21/h10,15-17H,5-9,11H2,1-4H3/t15-,16-,17-,20+/m1/s1	CC1=C2C=C3CC[C@@H]4C(C)(C)CCC[C@@]4(C)[C@@H]3C[C@H]2OC1=O	C20H28O2		300.208930136	Jolkinolide E	ZXEVPUOHSXARBR	Terpenoids	Diterpenoids	Cycloabietane diterpenoids	http://www.wikidata.org/entity/Q5851852	Euphorbia plumerioides	1009375.0	['Eukaryota']	['Archaeplastida']	['Streptophyta']	['Magnoliopsida']	['Malpighiales']	['Euphorbiaceae']	['Euphorbieae']	['Euphorbia']	['Euphorbia plumerioides']											0	2	2.9543817043304443	1
226	7	Fatty acids	0.6285714285714286	Fatty amides	0.42857142857142855	Primary amides	0.37142857142857144	1.0	0.64773184	ISDB	http://www.wikidata.org/entity/Q27155104	AMLDBWWQKYLAHJ-UHFFFAOYSA-N	InChI=1S/C17H35NO/c1-16(2)14-12-10-8-6-4-5-7-9-11-13-15-18-17(3)19/h16H,4-15H2,1-3H3,(H,18,19)	CC(=O)NCCCCCCCCCCCCC(C)C	C17H35NO		269.27186474	N-(13-Methyltetradecyl)acetamide	AMLDBWWQKYLAHJ	Fatty acids	Fatty amides	N-acyl amines	http://www.wikidata.org/entity/Q1380	Capsicum annuum	473836.0	['Eukaryota']	['Archaeplastida']	['Streptophyta']	['Magnoliopsida']	['Solanales']	['Solanaceae']	['Capsiceae']	['Capsicum']	['Capsicum annuum']		['Eukaryota']									1	2	4.590927362442017	1
224	7	Fatty acids	0.6285714285714286	Fatty amides	0.42857142857142855	Primary amides	0.37142857142857144	6.0	0.0	MS1_match	http://www.wikidata.org/entity/Q27077978	NIOYUNMRJMEDGI-UHFFFAOYSA-N	InChI=1S/C16H32O/c1-2-3-4-5-6-7-8-9-10-11-12-13-14-15-16-17/h16H,2-15H2,1H3	CCCCCCCCCCCCCCCC=O	C16H32O	pos_1_1proton1acetonitrile	240.245315644	Hexadecanal	NIOYUNMRJMEDGI	Fatty acids	Fatty acyls	Fatty aldehydes	http://www.wikidata.org/entity/Q15978631	Homo sapiens	770315.0	['Eukaryota']	['Metazoa']	['Chordata']	['Mammalia']	['Primates']	['Hominidae']	['Unknown']	['Homo']	['Homo sapiens']		['Eukaryota']	['Metazoa']	['Chordata']	['Mammalia']		['Hominidae']		['Homo']	['Homo sapiens']	7	1	7.5	1
223	7	Fatty acids	0.6285714285714286	Fatty amides	0.42857142857142855	Primary amides	0.37142857142857144	2.0	0.5503434	ISDB	http://www.wikidata.org/entity/Q105152682	LJNXAYQGMHMWTR-AQFIFQLPSA-N	InChI=1S/C17H30O/c1-10(2)14-7-8-17(6)15(18)9-11(3)12(4)16(17)13(14)5/h10-11,13-15,18H,7-9H2,1-6H3/t11-,13-,14+,15-,17+/m1/s1	CC1=C2[C@H](C)[C@H](C(C)C)CC[C@@]2(C)[C@H](O)C[C@H]1C	C17H30O		250.22966558	(1R,3R,5R,6S,8aR)-3,4,5,8a-tetramethyl-6-propan-2-yl-2,3,5,6,7,8-hexahydro-1H-naphthalen-1-ol	LJNXAYQGMHMWTR	Terpenoids	Sesquiterpenoids	Eudesmane sesquiterpenoids	http://www.wikidata.org/entity/Q2415298	Teucrium polium	652402.0	['Eukaryota']	['Archaeplastida']	['Streptophyta']	['Magnoliopsida']	['Lamiales']	['Lamiaceae']	['Unknown']	['Teucrium']	['Teucrium polium']		['Eukaryota']									1	0	3.20137357711792	1
222	7	Fatty acids	0.6285714285714286	Fatty amides	0.42857142857142855	Primary amides	0.37142857142857144	1.0	0.5929559	ISDB									BUOSOJFCMIYTBG							['Unknown']	['Unknown']	['Unknown']	['Unknown']	['Unknown']	['Unknown']	['Unknown']	['Unknown']	['Unknown']											0	0	2.37182354927063	1
221	7	Fatty acids	0.6285714285714286	Fatty amides	0.42857142857142855	Primary amides	0.37142857142857144	1.0	0.6234224	ISDB									BUOSOJFCMIYTBG							['Unknown']	['Unknown']	['Unknown']	['Unknown']	['Unknown']	['Unknown']	['Unknown']	['Unknown']	['Unknown']											0	0	2.49368953704834	1
220	7	Fatty acids	0.6285714285714286	Fatty amides	0.42857142857142855	Primary amides	0.37142857142857144	6.0	0.0	MS1_match	http://www.wikidata.org/entity/Q27077978	NIOYUNMRJMEDGI-UHFFFAOYSA-N	InChI=1S/C16H32O/c1-2-3-4-5-6-7-8-9-10-11-12-13-14-15-16-17/h16H,2-15H2,1H3	CCCCCCCCCCCCCCCC=O	C16H32O	pos_1_1proton1acetonitrile	240.245315644	Hexadecanal	NIOYUNMRJMEDGI	Fatty acids	Fatty acyls	Fatty aldehydes	http://www.wikidata.org/entity/Q15978631	Homo sapiens	770315.0	['Eukaryota']	['Metazoa']	['Chordata']	['Mammalia']	['Primates']	['Hominidae']	['Unknown']	['Homo']	['Homo sapiens']		['Eukaryota']	['Metazoa']	['Chordata']	['Mammalia']		['Hominidae']		['Homo']	['Homo sapiens']	7	1	7.5	1
218	7	Fatty acids	0.6285714285714286	Fatty amides	0.42857142857142855	Primary amides	0.37142857142857144	4.0	0.5808668	ISDB	http://www.wikidata.org/entity/Q82856423	VRPRIAVYSREHAN-UHFFFAOYSA-N	InChI=1S/C18H30/c1-3-4-5-6-7-8-9-11-14-17(2)18-15-12-10-13-16-18/h10,12-13,15-17H,3-9,11,14H2,1-2H3	CCCCCCCCCCC(C)c1ccccc1	C18H30		246.23475096	2-Phenyldodecane	VRPRIAVYSREHAN				http://www.wikidata.org/entity/Q499671	Acca sellowiana	9529.0	['Eukaryota']	['Archaeplastida']	['Streptophyta']	['Magnoliopsida']	['Myrtales']	['Myrtaceae']	['Myrteae']	['Acca']	['Acca sellowiana']		['Eukaryota']									1	0	3.323467254638672	1
215	7	Fatty acids	0.6285714285714286	Fatty amides	0.42857142857142855	Primary amides	0.37142857142857144	1.0	0.7601126	ISDB	http://www.wikidata.org/entity/Q77310201	JXTINQFFOKAJPL-CVEYVTCZSA-N	InChI=1S/C16H28O/c1-9-6-12-14(17)11-7-15(3,4)8-13(11)16(12,5)10(9)2/h9-14,17H,6-8H2,1-5H3/t9-,10-,11-,12-,13+,14-,16+/m0/s1	C[C@H]1C[C@H]2[C@@H](O)[C@H]3CC(C)(C)C[C@H]3[C@]2(C)[C@H]1C	C16H28O		236.214015516	(2S,3S,3aS,3bR,6aS,7S,7aR)-2,3,3a,5,5-pentamethyl-2,3,3b,4,6,6a,7,7a-octahydro-1H-cyclopenta[a]pentalen-7-ol	JXTINQFFOKAJPL	Terpenoids	Sesquiterpenoids	Protoilludane sesquiterpenoids	http://www.wikidata.org/entity/Q104084192	Cerrena albocinnamomea	7525618.0	['Eukaryota']	['Fungi']	['Basidiomycota']	['Agaricomycetes']	['Polyporales']	['Polyporaceae']	['Unknown']	['Cerrena']	['Cerrena albocinnamomea']		['Eukaryota']									1	0	4.04045033454895	1
213	7	Fatty acids	0.6285714285714286	Fatty amides	0.42857142857142855	Primary amides	0.37142857142857144	1.0	0.701781	ISDB	http://www.wikidata.org/entity/Q77310201	JXTINQFFOKAJPL-CVEYVTCZSA-N	InChI=1S/C16H28O/c1-9-6-12-14(17)11-7-15(3,4)8-13(11)16(12,5)10(9)2/h9-14,17H,6-8H2,1-5H3/t9-,10-,11-,12-,13+,14-,16+/m0/s1	C[C@H]1C[C@H]2[C@@H](O)[C@H]3CC(C)(C)C[C@H]3[C@]2(C)[C@H]1C	C16H28O		236.214015516	(2S,3S,3aS,3bR,6aS,7S,7aR)-2,3,3a,5,5-pentamethyl-2,3,3b,4,6,6a,7,7a-octahydro-1H-cyclopenta[a]pentalen-7-ol	JXTINQFFOKAJPL	Terpenoids	Sesquiterpenoids	Protoilludane sesquiterpenoids	http://www.wikidata.org/entity/Q104084192	Cerrena albocinnamomea	7525618.0	['Eukaryota']	['Fungi']	['Basidiomycota']	['Agaricomycetes']	['Polyporales']	['Polyporaceae']	['Unknown']	['Cerrena']	['Cerrena albocinnamomea']		['Eukaryota']									1	0	3.807123899459839	1
210	14	Terpenoids	1.0	Sesquiterpenoids	1.0	Bisabolane sesquiterpenoids	1.0	5.0	0.35628477	ISDB	http://www.wikidata.org/entity/Q105030396	HLYBNTWYUNHCTJ-DVXHDUDZSA-N	InChI=1S/C20H28O2/c1-12(2)6-5-7-13(3)15-8-9-20(11-21)16-10-17(22)18(14(16)4)19(15)20/h6-9,14-16,18-19,21H,5,10-11H2,1-4H3/b13-7-/t14-,15-,16+,18+,19+,20+/m1/s1	CC(C)=CC/C=C(/C)[C@H]1C=C[C@@]2(CO)[C@@H]1[C@@H]1C(=O)C[C@H]2[C@H]1C	C20H28O2		300.208930136	(1S,2S,5S,6S,7R,10R)-2-(hydroxymethyl)-10-methyl-5-[(2Z)-6-methylhepta-2,5-dien-2-yl]tricyclo[5.2.1.02,6]dec-3-en-8-one	HLYBNTWYUNHCTJ	Terpenoids	Sesquiterpenoids	Bisabolane sesquiterpenoids	http://www.wikidata.org/entity/Q29904651	Rugulopteryx okamurae	470968.0	['Eukaryota']	['Unknown']	['Unknown']	['Phaeophyceae']	['Dictyotales']	['Dictyotaceae']	['Unknown']	['Rugulopteryx']	['Rugulopteryx okamurae']											0	3	2.92513906955719	1
209	14	Terpenoids	1.0	Sesquiterpenoids	1.0	Bisabolane sesquiterpenoids	1.0	4.0	0.43581626	ISDB	http://www.wikidata.org/entity/Q105118608	IQULCXQCXFWUQH-JKDFXYPNSA-N	InChI=1S/C17H22O2/c1-10-7-13-15-11-9-17(4,19-14(15)8-10)6-5-12(11)16(2,3)18-13/h7-8,11-12H,5-6,9H2,1-4H3/t11-,12+,17-/m0/s1	Cc1cc2c3c(c1)O[C@@]1(C)CC[C@H]([C@@H]3C1)C(C)(C)O2	C17H22O2		258.161979944	(1S,4R,13S)-1,5,5,9-tetramethyl-6,15-dioxatetracyclo[9.3.1.04,13.07,12]pentadeca-7(12),8,10-triene	IQULCXQCXFWUQH	Terpenoids	Sesquiterpenoids	Bisabolane sesquiterpenoids	http://www.wikidata.org/entity/Q15240042	Rhododendron anthopogonoides	5759940.0	['Eukaryota']	['Archaeplastida']	['Streptophyta']	['Magnoliopsida']	['Ericales']	['Ericaceae']	['Rhodoreae']	['Rhododendron']	['Rhododendron anthopogonoides']											0	3	3.2432650327682495	1
199	7	Fatty acids	0.6285714285714286	Fatty amides	0.42857142857142855	Primary amides	0.37142857142857144	2.0	0.5649875	ISDB	http://www.wikidata.org/entity/Q104937769	BKSKLPMHTCDKMA-YYIAUSFCSA-N	InChI=1S/C17H33NO/c1-3-5-6-8-16-14(4-2)13-15(10-12-19)17-9-7-11-18(16)17/h14-17,19H,3-13H2,1-2H3/t14-,15+,16-,17-/m1/s1	CCCCC[C@@H]1[C@H](CC)C[C@H](CCO)[C@H]2CCCN12	C17H33NO		267.256214676	2-[(5R,6R,8R,8aR)-6-ethyl-5-pentyl-1,2,3,5,6,7,8,8a-octahydroindolizin-8-yl]ethanol	BKSKLPMHTCDKMA	Alkaloids	Lysine alkaloids	Indolizidine alkaloids	http://www.wikidata.org/entity/Q786955	Oophaga pumilio	891119.0	['Eukaryota']	['Metazoa']	['Chordata']	['Amphibia']	['Anura']	['Dendrobatidae']	['Unknown']	['Oophaga']	['Oophaga pumilio']		['Eukaryota']	['Metazoa']	['Chordata']							3	0	5.2599499225616455	1
196	-1							1.0	0.8332886	ISDB	http://www.wikidata.org/entity/Q105199331	OSULXBNEGGTCCA-XXGPQQRCSA-N	InChI=1S/C20H26O2/c1-11-14-8-12-4-5-17-19(2,7-6-13-10-20(13,17)3)15(12)9-16(14)22-18(11)21/h8,13,15-17H,4-7,9-10H2,1-3H3/t13-,15-,16-,17+,19+,20+/m1/s1	CC1=C2C=C3CC[C@@H]4[C@@]5(C)C[C@H]5CC[C@@]4(C)[C@@H]3C[C@H]2OC1=O	C20H26O2		298.193280072	(1R,2S,5R,7S,8R,17R)-2,7,14-trimethyl-16-oxapentacyclo[9.7.0.02,8.05,7.013,17]octadeca-11,13-dien-15-one	OSULXBNEGGTCCA	Terpenoids	Diterpenoids	Cycloabietane diterpenoids	http://www.wikidata.org/entity/Q15238961	Suregada glomerulata	1082259.0	['Eukaryota']	['Archaeplastida']	['Streptophyta']	['Magnoliopsida']	['Malpighiales']	['Euphorbiaceae']	['Gelonieae']	['Suregada']	['Suregada glomerulata']											0	0	3.3331544399261475	1
193	7	Fatty acids	0.6285714285714286	Fatty amides	0.42857142857142855	Primary amides	0.37142857142857144	195.0	0.3037842	ISDB	http://www.wikidata.org/entity/Q82952976	ZPTSRWNMMWXEHX-KCQAQPDRSA-N	InChI=1S/C15H26O/c1-11-6-7-13-14(2,3)8-5-9-15(13,4)12(11)10-16/h12-13,16H,1,5-10H2,2-4H3/t12-,13-,15+/m0/s1	C=C1CC[C@H]2C(C)(C)CCC[C@]2(C)[C@H]1CO	C15H26O		222.198365452	Albicanol	ZPTSRWNMMWXEHX	Terpenoids	Sesquiterpenoids	Drimane sesquiterpenoids	http://www.wikidata.org/entity/Q36557	Loxodonta africana	541936.0	['Eukaryota']	['Metazoa']	['Chordata']	['Mammalia']	['Proboscidea']	['Elephantidae']	['Unknown']	['Loxodonta']	['Loxodonta africana']		['Eukaryota']	['Metazoa']	['Chordata']	['Mammalia']						4	0	5.215136766433716	1
192	7	Fatty acids	0.6285714285714286	Fatty amides	0.42857142857142855	Primary amides	0.37142857142857144	1.0	0.8361731	ISDB	http://www.wikidata.org/entity/Q27164841	SFIHQZFZMWZOJV-UHFFFAOYSA-N	InChI=1S/C18H33NO/c1-2-3-4-5-6-7-8-9-10-11-12-13-14-15-16-17-18(19)20/h6-7,9-10H,2-5,8,11-17H2,1H3,(H2,19,20)	CCCCCC=CCC=CCCCCCCCC(N)=O	C18H33NO		279.256214676	CID 3930	SFIHQZFZMWZOJV	Fatty acids	Fatty amides	Primary amides	http://www.wikidata.org/entity/Q237465	Averrhoa bilimbi	829006.0	['Eukaryota']	['Archaeplastida']	['Streptophyta']	['Magnoliopsida']	['Oxalidales']	['Oxalidaceae']	['Unknown']	['Averrhoa']	['Averrhoa bilimbi']		['Eukaryota']									1	3	5.8446924686431885	1
191	7	Fatty acids	0.6285714285714286	Fatty amides	0.42857142857142855	Primary amides	0.37142857142857144	3.0	0.69408435	ISDB	http://www.wikidata.org/entity/Q105129914	JJTXQCMHUFFVOF-RIYZIHGNSA-N	InChI=1S/C18H30O/c1-14(8-6-10-16(3)19)11-12-17-15(2)9-7-13-18(17,4)5/h8H,6-7,9-13H2,1-5H3/b14-8+	CC(=O)CC/C=C(\C)CCC1=C(C)CCCC1(C)C	C18H30O		262.22966558	5-Octen-2-one, 6-methyl-8-(2,6,6-trimethyl-1-cyclohexen-1-yl)-	JJTXQCMHUFFVOF	Terpenoids	Apocarotenoids	Apocarotenoids (β-)	http://www.wikidata.org/entity/Q2201327	Diacarnus spinipoculum	644861.0	['Eukaryota']	['Metazoa']	['Porifera']	['Demospongiae']	['Poecilosclerida']	['Podospongiidae']	['Unknown']	['Diacarnus']	['Diacarnus spinipoculum']		['Eukaryota']	['Metazoa']								2	0	4.776337385177612	1
189	7	Fatty acids	0.6285714285714286	Fatty amides	0.42857142857142855	Primary amides	0.37142857142857144	192.0	0.37935957	ISDB	http://www.wikidata.org/entity/Q82952976	ZPTSRWNMMWXEHX-KCQAQPDRSA-N	InChI=1S/C15H26O/c1-11-6-7-13-14(2,3)8-5-9-15(13,4)12(11)10-16/h12-13,16H,1,5-10H2,2-4H3/t12-,13-,15+/m0/s1	C=C1CC[C@H]2C(C)(C)CCC[C@]2(C)[C@H]1CO	C15H26O		222.198365452	Albicanol	ZPTSRWNMMWXEHX	Terpenoids	Sesquiterpenoids	Drimane sesquiterpenoids	http://www.wikidata.org/entity/Q36557	Loxodonta africana	541936.0	['Eukaryota']	['Metazoa']	['Chordata']	['Mammalia']	['Proboscidea']	['Elephantidae']	['Unknown']	['Loxodonta']	['Loxodonta africana']		['Eukaryota']	['Metazoa']	['Chordata']	['Mammalia']						4	0	5.517438292503357	1
188	20	Terpenoids	1.0	Sesquiterpenoids	1.0	Acorane sesquiterpenoids	0.5	143.0	0.47876084	ISDB	http://www.wikidata.org/entity/Q105171673	MTFXKUDGSGWVIS-MHEUCROKSA-N	InChI=1S/C15H26O2/c1-10(2)13-5-4-11(3)15(13)7-6-12(9-16)14(17)8-15/h6,10-11,13-14,16-17H,4-5,7-9H2,1-3H3/t11-,13-,14+,15-/m0/s1	CC(C)[C@@H]1CC[C@H](C)[C@@]12CC=C(CO)[C@H](O)C2	C15H26O2		238.193280072	Trichoacorenol B	MTFXKUDGSGWVIS	Terpenoids	Sesquiterpenoids	Acorane sesquiterpenoids	http://www.wikidata.org/entity/Q135322	Trichoderma	891848.0	['Eukaryota']	['Metazoa']	['Chordata']	['Actinopteri']	['Acanthomorphata']	['Monacanthidae']	['Unknown']	['Amanses']	['Unknown']		['Eukaryota']	['Metazoa']	['Chordata']							3	3	6.415043354034424	1
186	7	Fatty acids	0.6285714285714286	Fatty amides	0.42857142857142855	Primary amides	0.37142857142857144	189.0	0.36949128	ISDB	http://www.wikidata.org/entity/Q82952976	ZPTSRWNMMWXEHX-KCQAQPDRSA-N	InChI=1S/C15H26O/c1-11-6-7-13-14(2,3)8-5-9-15(13,4)12(11)10-16/h12-13,16H,1,5-10H2,2-4H3/t12-,13-,15+/m0/s1	C=C1CC[C@H]2C(C)(C)CCC[C@]2(C)[C@H]1CO	C15H26O		222.198365452	Albicanol	ZPTSRWNMMWXEHX	Terpenoids	Sesquiterpenoids	Drimane sesquiterpenoids	http://www.wikidata.org/entity/Q36557	Loxodonta africana	541936.0	['Eukaryota']	['Metazoa']	['Chordata']	['Mammalia']	['Proboscidea']	['Elephantidae']	['Unknown']	['Loxodonta']	['Loxodonta africana']		['Eukaryota']	['Metazoa']	['Chordata']	['Mammalia']						4	0	5.4779651165008545	1
185	3	Terpenoids	1.0	Diterpenoids	1.0	Serrulatane and Biflorane diterpenoids	0.6666666666666666	1.0	0.33055055	ISDB	http://www.wikidata.org/entity/Q82804974	ODZQBEPDXUFJRX-UXLLHSPISA-N	InChI=1S/C20H28O2/c1-13(2)6-5-7-14(3)17-10-8-15(4)18-11-9-16(20(21)22)12-19(17)18/h6,9,11-12,14-15,17H,5,7-8,10H2,1-4H3,(H,21,22)/t14-,15+,17-/m0/s1	CC(C)=CCC[C@H](C)[C@@H]1CC[C@@H](C)c2ccc(C(=O)O)cc21	C20H28O2		300.208930136	(5R,8S)-5-Methyl-8-(6-methylhept-5-en-2-yl)-5,6,7,8-tetrahydronaphthalene-2-carboxylic acid	ODZQBEPDXUFJRX	Terpenoids	Diterpenoids	Serrulatane and Biflorane diterpenoids	http://www.wikidata.org/entity/Q5385587	Eremophila sturtii	5144580.0	['Eukaryota']	['Archaeplastida']	['Streptophyta']	['Magnoliopsida']	['Lamiales']	['Scrophulariaceae']	['Myoporeae']	['Eremophila']	['Eremophila sturtii']											0	3	2.822202205657959	1
184	7	Fatty acids	0.6285714285714286	Fatty amides	0.42857142857142855	Primary amides	0.37142857142857144	4.0	0.5581781	ISDB	http://www.wikidata.org/entity/Q105210304	PKCDBAJESFUNQJ-BUWFCSEKSA-N	InChI=1S/C16H31NO/c1-3-4-5-6-7-8-9-10-11-12-13-14-16(18)15(2)17/h3,6-7,15-16,18H,1,4-5,8-14,17H2,2H3/b7-6+/t15-,16+/m0/s1	C=CCC/C=C/CCCCCCC[C@@H](O)[C@H](C)N	C16H31NO		253.240564612	(2S,3R,11E)-2-Amino-11,15-hexadecadiene-3-ol	PKCDBAJESFUNQJ	Fatty acids	Sphingolipids	Sphingoid bases	http://www.wikidata.org/entity/Q4915771	Pseudodistoma obscurum	3644423.0	['Eukaryota']	['Metazoa']	['Chordata']	['Ascidiacea']	['Enterogona']	['Pseudodistomidae']	['Unknown']	['Pseudodistoma']	['Pseudodistoma obscurum']		['Eukaryota']	['Metazoa']	['Chordata']							3	1	5.732712507247925	1
183	-1							1.0	0.44658905	ISDB	http://www.wikidata.org/entity/Q104917532	ARROMLOSFCWJKF-WRXWZJTCSA-N	InChI=1S/C15H20O/c1-13(14(2)16)9-5-3-6-10-15-11-7-4-8-12-15/h3-8,10-14,16H,9H2,1-2H3/b5-3+,10-6+/t13-,14-/m0/s1	C[C@H](O)[C@@H](C)C/C=C/C=C/c1ccccc1	C15H20O		216.15141526	(2S,3S)-Dihydrolignarenol B	ARROMLOSFCWJKF	Shikimates and Phenylpropanoids	Phenylpropanoids (C6-C3)	Cinnamic acids and derivatives	http://www.wikidata.org/entity/Q3140292	Scaphander lignarius	227227.0	['Eukaryota']	['Metazoa']	['Mollusca']	['Gastropoda']	['Cephalaspidea']	['Scaphandridae']	['Unknown']	['Scaphander']	['Scaphander lignarius']		['Eukaryota']	['Metazoa']								2	0	3.786356210708618	1
181	7	Fatty acids	0.6285714285714286	Fatty amides	0.42857142857142855	Primary amides	0.37142857142857144	1.0	0.79332846	ISDB									DWXUKGQAPQEPTH							['Unknown']	['Unknown']	['Unknown']	['Unknown']	['Unknown']	['Unknown']	['Unknown']	['Unknown']	['Unknown']											0	0	3.173313856124878	1
180	-1							1.0	0.57719004	ISDB	http://www.wikidata.org/entity/Q27144216	YNNQTVPKSXTDCK-SABUVIKOSA-N	InChI=1S/C18H31NO/c1-3-4-5-6-7-8-9-10-11-12-13-14-15-16-18(20)17(2)19/h4-5,7-8,10-11,13-14,17-18,20H,3,6,9,12,15-16,19H2,1-2H3/b5-4-,8-7-,11-10-,14-13-/t17-,18+/m0/s1	CC/C=C\C/C=C\C/C=C\C/C=C\CC[C@@H](O)[C@H](C)N	C18H31NO		277.240564612	Obscuraminol A	YNNQTVPKSXTDCK	Fatty acids	Sphingolipids	Sphingoid bases	http://www.wikidata.org/entity/Q4915771	Pseudodistoma obscurum	3644423.0	['Eukaryota']	['Metazoa']	['Chordata']	['Ascidiacea']	['Enterogona']	['Pseudodistomidae']	['Unknown']	['Pseudodistoma']	['Pseudodistoma obscurum']		['Eukaryota']	['Metazoa']	['Chordata']							3	0	5.308760166168213	1
178	3	Terpenoids	1.0	Diterpenoids	1.0	Serrulatane and Biflorane diterpenoids	0.6666666666666666	2.0	0.31201684	ISDB	http://www.wikidata.org/entity/Q82804974	ODZQBEPDXUFJRX-UXLLHSPISA-N	InChI=1S/C20H28O2/c1-13(2)6-5-7-14(3)17-10-8-15(4)18-11-9-16(20(21)22)12-19(17)18/h6,9,11-12,14-15,17H,5,7-8,10H2,1-4H3,(H,21,22)/t14-,15+,17-/m0/s1	CC(C)=CCC[C@H](C)[C@@H]1CC[C@@H](C)c2ccc(C(=O)O)cc21	C20H28O2		300.208930136	(5R,8S)-5-Methyl-8-(6-methylhept-5-en-2-yl)-5,6,7,8-tetrahydronaphthalene-2-carboxylic acid	ODZQBEPDXUFJRX	Terpenoids	Diterpenoids	Serrulatane and Biflorane diterpenoids	http://www.wikidata.org/entity/Q5385587	Eremophila sturtii	5144580.0	['Eukaryota']	['Archaeplastida']	['Streptophyta']	['Magnoliopsida']	['Lamiales']	['Scrophulariaceae']	['Myoporeae']	['Eremophila']	['Eremophila sturtii']											0	3	2.7480673789978027	1
176	7	Fatty acids	0.6285714285714286	Fatty amides	0.42857142857142855	Primary amides	0.37142857142857144	10.0	0.0	MS1_match	http://www.wikidata.org/entity/Q209727	IPCSVZSSVZVIGE-UHFFFAOYSA-N	InChI=1S/C16H32O2/c1-2-3-4-5-6-7-8-9-10-11-12-13-14-15-16(17)18/h2-15H2,1H3,(H,17,18)	CCCCCCCCCCCCCCCC(=O)O	C16H32O2	pos_1_1proton1acetonitrile	256.240230264	Hexadecanoate;hydron	IPCSVZSSVZVIGE	Fatty acids	Fatty Acids and Conjugates	Branched fatty acids	http://www.wikidata.org/entity/Q15978631	Homo sapiens	770315.0	['Eukaryota']	['Metazoa']	['Chordata']	['Mammalia']	['Primates']	['Hominidae']	['Unknown']	['Homo']	['Homo sapiens']		['Eukaryota']	['Metazoa']	['Chordata']	['Mammalia']		['Hominidae']		['Homo']	['Homo sapiens']	7	1	7.5	1
176	7	Fatty acids	0.6285714285714286	Fatty amides	0.42857142857142855	Primary amides	0.37142857142857144	10.0	0.0	MS1_match	http://www.wikidata.org/entity/Q407426	OYHQOLUKZRVURQ-HZJYTTRNSA-N	InChI=1S/C18H32O2/c1-2-3-4-5-6-7-8-9-10-11-12-13-14-15-16-17-18(19)20/h6-7,9-10H,2-5,8,11-17H2,1H3,(H,19,20)/b7-6-,10-9-	CCCCC/C=C\C/C=C\CCCCCCCC(=O)O	C18H32O2	pos_1_1proton1ammonium	280.240230264	Linoleic Acid	OYHQOLUKZRVURQ	Fatty acids	Fatty Acids and Conjugates	Unsaturated fatty acids	http://www.wikidata.org/entity/Q15978631	Homo sapiens	770315.0	['Eukaryota']	['Metazoa']	['Chordata']	['Mammalia']	['Primates']	['Hominidae']	['Unknown']	['Homo']	['Homo sapiens']		['Eukaryota']	['Metazoa']	['Chordata']	['Mammalia']		['Hominidae']		['Homo']	['Homo sapiens']	7	1	7.5	1
175	7	Fatty acids	0.6285714285714286	Fatty amides	0.42857142857142855	Primary amides	0.37142857142857144	1.0	0.80375504	ISDB	http://www.wikidata.org/entity/Q27164841	SFIHQZFZMWZOJV-UHFFFAOYSA-N	InChI=1S/C18H33NO/c1-2-3-4-5-6-7-8-9-10-11-12-13-14-15-16-17-18(19)20/h6-7,9-10H,2-5,8,11-17H2,1H3,(H2,19,20)	CCCCCC=CCC=CCCCCCCCC(N)=O	C18H33NO		279.256214676	CID 3930	SFIHQZFZMWZOJV	Fatty acids	Fatty amides	Primary amides	http://www.wikidata.org/entity/Q237465	Averrhoa bilimbi	829006.0	['Eukaryota']	['Archaeplastida']	['Streptophyta']	['Magnoliopsida']	['Oxalidales']	['Oxalidaceae']	['Unknown']	['Averrhoa']	['Averrhoa bilimbi']		['Eukaryota']									1	3	5.715020179748535	1
170	13	Fatty acids	0.6	Fatty Acids and Conjugates	0.4	Branched fatty acids	0.4	1.0	0.0	MS1_match	http://www.wikidata.org/entity/Q421171	RLCKHJSFHOZMDR-UHFFFAOYSA-N	InChI=1S/C20H40O2/c1-16(2)9-6-10-17(3)11-7-12-18(4)13-8-14-19(5)15-20(21)22/h16-19H,6-15H2,1-5H3,(H,21,22)	CC(C)CCCC(C)CCCC(C)CCCC(C)CC(=O)O	C20H40O2	pos_1_1proton1ethylamine	312.30283052	Phytanic acid	RLCKHJSFHOZMDR	Fatty acids	Fatty Acids and Conjugates	Branched fatty acids	http://www.wikidata.org/entity/Q15978631	Homo sapiens	770315.0	['Eukaryota']	['Metazoa']	['Chordata']	['Mammalia']	['Primates']	['Hominidae']	['Unknown']	['Homo']	['Homo sapiens']		['Eukaryota']	['Metazoa']	['Chordata']	['Mammalia']		['Hominidae']		['Homo']	['Homo sapiens']	7	3	8.5	1
167	7	Fatty acids	0.6285714285714286	Fatty amides	0.42857142857142855	Primary amides	0.37142857142857144	10.0	0.0	MS1_match	http://www.wikidata.org/entity/Q209727	IPCSVZSSVZVIGE-UHFFFAOYSA-N	InChI=1S/C16H32O2/c1-2-3-4-5-6-7-8-9-10-11-12-13-14-15-16(17)18/h2-15H2,1H3,(H,17,18)	CCCCCCCCCCCCCCCC(=O)O	C16H32O2	pos_1_1proton1acetonitrile	256.240230264	Hexadecanoate;hydron	IPCSVZSSVZVIGE	Fatty acids	Fatty Acids and Conjugates	Branched fatty acids	http://www.wikidata.org/entity/Q15978631	Homo sapiens	770315.0	['Eukaryota']	['Metazoa']	['Chordata']	['Mammalia']	['Primates']	['Hominidae']	['Unknown']	['Homo']	['Homo sapiens']		['Eukaryota']	['Metazoa']	['Chordata']	['Mammalia']		['Hominidae']		['Homo']	['Homo sapiens']	7	1	7.5	1
167	7	Fatty acids	0.6285714285714286	Fatty amides	0.42857142857142855	Primary amides	0.37142857142857144	10.0	0.0	MS1_match	http://www.wikidata.org/entity/Q407426	OYHQOLUKZRVURQ-HZJYTTRNSA-N	InChI=1S/C18H32O2/c1-2-3-4-5-6-7-8-9-10-11-12-13-14-15-16-17-18(19)20/h6-7,9-10H,2-5,8,11-17H2,1H3,(H,19,20)/b7-6-,10-9-	CCCCC/C=C\C/C=C\CCCCCCCC(=O)O	C18H32O2	pos_1_1proton1ammonium	280.240230264	Linoleic Acid	OYHQOLUKZRVURQ	Fatty acids	Fatty Acids and Conjugates	Unsaturated fatty acids	http://www.wikidata.org/entity/Q15978631	Homo sapiens	770315.0	['Eukaryota']	['Metazoa']	['Chordata']	['Mammalia']	['Primates']	['Hominidae']	['Unknown']	['Homo']	['Homo sapiens']		['Eukaryota']	['Metazoa']	['Chordata']	['Mammalia']		['Hominidae']		['Homo']	['Homo sapiens']	7	1	7.5	1
166	7	Fatty acids	0.6285714285714286	Fatty amides	0.42857142857142855	Primary amides	0.37142857142857144	1.0	0.5495847	ISDB	http://www.wikidata.org/entity/Q27164841	SFIHQZFZMWZOJV-UHFFFAOYSA-N	InChI=1S/C18H33NO/c1-2-3-4-5-6-7-8-9-10-11-12-13-14-15-16-17-18(19)20/h6-7,9-10H,2-5,8,11-17H2,1H3,(H2,19,20)	CCCCCC=CCC=CCCCCCCCC(N)=O	C18H33NO		279.256214676	CID 3930	SFIHQZFZMWZOJV	Fatty acids	Fatty amides	Primary amides	http://www.wikidata.org/entity/Q237465	Averrhoa bilimbi	829006.0	['Eukaryota']	['Archaeplastida']	['Streptophyta']	['Magnoliopsida']	['Oxalidales']	['Oxalidaceae']	['Unknown']	['Averrhoa']	['Averrhoa bilimbi']		['Eukaryota']									1	3	4.698338747024536	1
163	-1							1.0	0.3943685	ISDB	http://www.wikidata.org/entity/Q104375920	IVTQSEFLDHBCDZ-IAUSTGCCSA-N	InChI=1S/C13H22O/c1-10-6-7-11-12(2,3)8-5-9-13(11,4)14-10/h5,9-11H,6-8H2,1-4H3/t10-,11?,13-/m1/s1	C[C@@H]1CCC2C(C)(C)CC=C[C@@]2(C)O1	C13H22O		194.167065324	Dihydroedulan II	IVTQSEFLDHBCDZ	Terpenoids	Apocarotenoids	Megastigmanes	http://www.wikidata.org/entity/Q160114	Mentha spicata	27827.0	['Eukaryota']	['Archaeplastida']	['Streptophyta']	['Magnoliopsida']	['Lamiales']	['Lamiaceae']	['Mentheae']	['Mentha']	['Mentha spicata']		['Eukaryota']									1	0	2.577473998069763	1
160	19	Fatty acids	1.0	Fatty Acids and Conjugates	1.0	Unsaturated fatty acids	1.0	2.0	0.0	MS1_match	http://www.wikidata.org/entity/Q256502	DTOSIQBPPRVQHS-PDBXOOCHSA-N	InChI=1S/C18H30O2/c1-2-3-4-5-6-7-8-9-10-11-12-13-14-15-16-17-18(19)20/h3-4,6-7,9-10H,2,5,8,11-17H2,1H3,(H,19,20)/b4-3-,7-6-,10-9-	CC/C=C\C/C=C\C/C=C\CCCCCCCC(=O)O	C18H30O2	pos_1_1proton1ammonium	278.2245802	Linolenic Acid	DTOSIQBPPRVQHS	Fatty acids	Fatty Acids and Conjugates	Unsaturated fatty acids	http://www.wikidata.org/entity/Q15978631	Homo sapiens	770315.0	['Eukaryota']	['Metazoa']	['Chordata']	['Mammalia']	['Primates']	['Hominidae']	['Unknown']	['Homo']	['Homo sapiens']		['Eukaryota']	['Metazoa']	['Chordata']	['Mammalia']		['Hominidae']		['Homo']	['Homo sapiens']	7	3	8.5	1
160	19	Fatty acids	1.0	Fatty Acids and Conjugates	1.0	Unsaturated fatty acids	1.0	2.0	0.0	MS1_match	http://www.wikidata.org/entity/Q412366	SECPZKHBENQXJG-FPLPWBNLSA-N	InChI=1S/C16H30O2/c1-2-3-4-5-6-7-8-9-10-11-12-13-14-15-16(17)18/h7-8H,2-6,9-15H2,1H3,(H,17,18)/b8-7-	CCCCCC/C=C\CCCCCCCC(=O)O	C16H30O2	pos_1_1proton1acetonitrile	254.2245802	Palmitoleic acid	SECPZKHBENQXJG	Fatty acids	Fatty Acids and Conjugates	Unsaturated fatty acids	http://www.wikidata.org/entity/Q15978631	Homo sapiens	770315.0	['Eukaryota']	['Metazoa']	['Chordata']	['Mammalia']	['Primates']	['Hominidae']	['Unknown']	['Homo']	['Homo sapiens']		['Eukaryota']	['Metazoa']	['Chordata']	['Mammalia']		['Hominidae']		['Homo']	['Homo sapiens']	7	3	8.5	1
160	19	Fatty acids	1.0	Fatty Acids and Conjugates	1.0	Unsaturated fatty acids	1.0	2.0	0.0	MS1_match	http://www.wikidata.org/entity/Q415885	VZCCETWTMQHEPK-QNEBEIHSSA-N	InChI=1S/C18H30O2/c1-2-3-4-5-6-7-8-9-10-11-12-13-14-15-16-17-18(19)20/h6-7,9-10,12-13H,2-5,8,11,14-17H2,1H3,(H,19,20)/b7-6-,10-9-,13-12-	CCCCC/C=C\C/C=C\C/C=C\CCCCC(=O)O	C18H30O2	pos_1_1proton1ammonium	278.2245802	gamma-Linolenic acid	VZCCETWTMQHEPK	Fatty acids	Fatty Acids and Conjugates	Unsaturated fatty acids	http://www.wikidata.org/entity/Q15978631	Homo sapiens	770315.0	['Eukaryota']	['Metazoa']	['Chordata']	['Mammalia']	['Primates']	['Hominidae']	['Unknown']	['Homo']	['Homo sapiens']		['Eukaryota']	['Metazoa']	['Chordata']	['Mammalia']		['Hominidae']		['Homo']	['Homo sapiens']	7	3	8.5	1
159	7	Fatty acids	0.6285714285714286	Fatty amides	0.42857142857142855	Primary amides	0.37142857142857144	2.0	0.5040101	ISDB	http://www.wikidata.org/entity/Q27259791	TWXWPPKDQOWNSX-UHFFFAOYSA-N	InChI=1S/C13H22O/c14-13(11-7-3-1-4-8-11)12-9-5-2-6-10-12/h11-12H,1-10H2	O=C(C1CCCCC1)C1CCCCC1	C13H22O		194.167065324	Dicyclohexyl ketone	TWXWPPKDQOWNSX	Fatty acids	Fatty esters	Lactones	http://www.wikidata.org/entity/Q4115797	Scutellaria barbata	1093028.0	['Eukaryota']	['Archaeplastida']	['Streptophyta']	['Magnoliopsida']	['Lamiales']	['Lamiaceae']	['Unknown']	['Scutellaria']	['Scutellaria barbata']		['Eukaryota']									1	1	3.516040325164795	1
158	-1							1.0	0.6614008	ISDB	http://www.wikidata.org/entity/Q105006024	GBQBSZHGWQDJFQ-SJKRNHSQSA-N	InChI=1S/C20H28O3/c1-12(2)18-16(22)11-19(5)10-15(21)14(4)8-6-7-13(3)9-17-20(18,19)23-17/h7,12,17-18H,4,6,8-11H2,1-3,5H3/b13-7+/t17-,18+,19+,20+/m0/s1	C=C1CC/C=C(\C)C[C@@H]2O[C@@]23[C@H](C(C)C)C(=O)C[C@@]3(C)CC1=O	C20H28O3		316.203844756	(1R,3S,5E,12S,15S)-5,12-dimethyl-9-methylidene-15-propan-2-yl-2-oxatricyclo[10.3.0.01,3]pentadec-5-ene-10,14-dione	GBQBSZHGWQDJFQ	Terpenoids	Diterpenoids	Dolabellane diterpenoids	http://www.wikidata.org/entity/Q4520274	Clavularia inflata	797476.0	['Eukaryota']	['Metazoa']	['Cnidaria']	['Anthozoa']	['Alcyonacea']	['Clavulariidae']	['Unknown']	['Clavularia']	['Clavularia inflata']											0	0	2.6456031799316406	1
157	7	Fatty acids	0.6285714285714286	Fatty amides	0.42857142857142855	Primary amides	0.37142857142857144	1.0	0.57989717	ISDB	http://www.wikidata.org/entity/Q27259791	TWXWPPKDQOWNSX-UHFFFAOYSA-N	InChI=1S/C13H22O/c14-13(11-7-3-1-4-8-11)12-9-5-2-6-10-12/h11-12H,1-10H2	O=C(C1CCCCC1)C1CCCCC1	C13H22O		194.167065324	Dicyclohexyl ketone	TWXWPPKDQOWNSX	Fatty acids	Fatty esters	Lactones	http://www.wikidata.org/entity/Q4115797	Scutellaria barbata	1093028.0	['Eukaryota']	['Archaeplastida']	['Streptophyta']	['Magnoliopsida']	['Lamiales']	['Lamiaceae']	['Unknown']	['Scutellaria']	['Scutellaria barbata']		['Eukaryota']									1	1	3.8195886611938477	1
155	19	Fatty acids	1.0	Fatty Acids and Conjugates	1.0	Unsaturated fatty acids	1.0	2.0	0.0	MS1_match	http://www.wikidata.org/entity/Q256502	DTOSIQBPPRVQHS-PDBXOOCHSA-N	InChI=1S/C18H30O2/c1-2-3-4-5-6-7-8-9-10-11-12-13-14-15-16-17-18(19)20/h3-4,6-7,9-10H,2,5,8,11-17H2,1H3,(H,19,20)/b4-3-,7-6-,10-9-	CC/C=C\C/C=C\C/C=C\CCCCCCCC(=O)O	C18H30O2	pos_1_1proton1ammonium	278.2245802	Linolenic Acid	DTOSIQBPPRVQHS	Fatty acids	Fatty Acids and Conjugates	Unsaturated fatty acids	http://www.wikidata.org/entity/Q15978631	Homo sapiens	770315.0	['Eukaryota']	['Metazoa']	['Chordata']	['Mammalia']	['Primates']	['Hominidae']	['Unknown']	['Homo']	['Homo sapiens']		['Eukaryota']	['Metazoa']	['Chordata']	['Mammalia']		['Hominidae']		['Homo']	['Homo sapiens']	7	3	8.5	1
155	19	Fatty acids	1.0	Fatty Acids and Conjugates	1.0	Unsaturated fatty acids	1.0	2.0	0.0	MS1_match	http://www.wikidata.org/entity/Q412366	SECPZKHBENQXJG-FPLPWBNLSA-N	InChI=1S/C16H30O2/c1-2-3-4-5-6-7-8-9-10-11-12-13-14-15-16(17)18/h7-8H,2-6,9-15H2,1H3,(H,17,18)/b8-7-	CCCCCC/C=C\CCCCCCCC(=O)O	C16H30O2	pos_1_1proton1acetonitrile	254.2245802	Palmitoleic acid	SECPZKHBENQXJG	Fatty acids	Fatty Acids and Conjugates	Unsaturated fatty acids	http://www.wikidata.org/entity/Q15978631	Homo sapiens	770315.0	['Eukaryota']	['Metazoa']	['Chordata']	['Mammalia']	['Primates']	['Hominidae']	['Unknown']	['Homo']	['Homo sapiens']		['Eukaryota']	['Metazoa']	['Chordata']	['Mammalia']		['Hominidae']		['Homo']	['Homo sapiens']	7	3	8.5	1
155	19	Fatty acids	1.0	Fatty Acids and Conjugates	1.0	Unsaturated fatty acids	1.0	2.0	0.0	MS1_match	http://www.wikidata.org/entity/Q415885	VZCCETWTMQHEPK-QNEBEIHSSA-N	InChI=1S/C18H30O2/c1-2-3-4-5-6-7-8-9-10-11-12-13-14-15-16-17-18(19)20/h6-7,9-10,12-13H,2-5,8,11,14-17H2,1H3,(H,19,20)/b7-6-,10-9-,13-12-	CCCCC/C=C\C/C=C\C/C=C\CCCCC(=O)O	C18H30O2	pos_1_1proton1ammonium	278.2245802	gamma-Linolenic acid	VZCCETWTMQHEPK	Fatty acids	Fatty Acids and Conjugates	Unsaturated fatty acids	http://www.wikidata.org/entity/Q15978631	Homo sapiens	770315.0	['Eukaryota']	['Metazoa']	['Chordata']	['Mammalia']	['Primates']	['Hominidae']	['Unknown']	['Homo']	['Homo sapiens']		['Eukaryota']	['Metazoa']	['Chordata']	['Mammalia']		['Hominidae']		['Homo']	['Homo sapiens']	7	3	8.5	1
153	7	Fatty acids	0.6285714285714286	Fatty amides	0.42857142857142855	Primary amides	0.37142857142857144	1.0	0.7687881	ISDB	http://www.wikidata.org/entity/Q27164841	SFIHQZFZMWZOJV-UHFFFAOYSA-N	InChI=1S/C18H33NO/c1-2-3-4-5-6-7-8-9-10-11-12-13-14-15-16-17-18(19)20/h6-7,9-10H,2-5,8,11-17H2,1H3,(H2,19,20)	CCCCCC=CCC=CCCCCCCCC(N)=O	C18H33NO		279.256214676	CID 3930	SFIHQZFZMWZOJV	Fatty acids	Fatty amides	Primary amides	http://www.wikidata.org/entity/Q237465	Averrhoa bilimbi	829006.0	['Eukaryota']	['Archaeplastida']	['Streptophyta']	['Magnoliopsida']	['Oxalidales']	['Oxalidaceae']	['Unknown']	['Averrhoa']	['Averrhoa bilimbi']		['Eukaryota']									1	3	5.575152397155762	1
152	20	Terpenoids	1.0	Sesquiterpenoids	1.0	Acorane sesquiterpenoids	0.5	52.0	0.0	MS1_match	http://www.wikidata.org/entity/Q3117895	RUMOYJJNUMEFDD-UHFFFAOYSA-N	InChI=1S/C10H14O/c1-8(2)10-5-3-9(7-11)4-6-10/h3,7,10H,1,4-6H2,2H3	C=C(C)C1CC=C(C=O)CC1	C10H14O	pos_1_1proton1isopropanol	150.104465068	Perillaldehyde	RUMOYJJNUMEFDD	Terpenoids	Monoterpenoids	Menthane monoterpenoids	http://www.wikidata.org/entity/Q15978631	Homo sapiens	770315.0	['Eukaryota']	['Metazoa']	['Chordata']	['Mammalia']	['Primates']	['Hominidae']	['Unknown']	['Homo']	['Homo sapiens']		['Eukaryota']	['Metazoa']	['Chordata']	['Mammalia']		['Hominidae']		['Homo']	['Homo sapiens']	7	1	7.5	1
147	-1							1.0	0.44918248	ISDB	http://www.wikidata.org/entity/Q110090903	HFYVJDDISIDMQP-VYRBHSGPSA-N	InChI=1S/C20H33NO3/c1-5-6-7-8-9-10-11-15-12-13-16(23-3)18-17(15)19(22)20(24-4)14(2)21-18/h15-16H,5-13H2,1-4H3,(H,21,22)/t15-,16?/m0/s1	CCCCCCCC[C@H]1CCC(OC)c2[nH]c(C)c(OC)c(=O)c21	C20H33NO3		335.246043916	(5S)-3,8-dimethoxy-2-methyl-5-octyl-5,6,7,8-tetrahydro-1H-quinolin-4-one	HFYVJDDISIDMQP	Alkaloids	Tryptophan alkaloids	Quinoline alkaloids	http://www.wikidata.org/entity/Q7966688	Waltheria indica	1039214.0	['Eukaryota']	['Archaeplastida']	['Streptophyta']	['Magnoliopsida']	['Malvales']	['Malvaceae']	['Unknown']	['Waltheria']	['Waltheria indica']		['Eukaryota']									1	0	2.7967299222946167	1
146	7	Fatty acids	0.6285714285714286	Fatty amides	0.42857142857142855	Primary amides	0.37142857142857144	1.0	0.81199247	ISDB	http://www.wikidata.org/entity/Q27164841	SFIHQZFZMWZOJV-UHFFFAOYSA-N	InChI=1S/C18H33NO/c1-2-3-4-5-6-7-8-9-10-11-12-13-14-15-16-17-18(19)20/h6-7,9-10H,2-5,8,11-17H2,1H3,(H2,19,20)	CCCCCC=CCC=CCCCCCCCC(N)=O	C18H33NO		279.256214676	CID 3930	SFIHQZFZMWZOJV	Fatty acids	Fatty amides	Primary amides	http://www.wikidata.org/entity/Q237465	Averrhoa bilimbi	829006.0	['Eukaryota']	['Archaeplastida']	['Streptophyta']	['Magnoliopsida']	['Oxalidales']	['Oxalidaceae']	['Unknown']	['Averrhoa']	['Averrhoa bilimbi']		['Eukaryota']									1	3	5.74796986579895	1
144	19	Fatty acids	1.0	Fatty Acids and Conjugates	1.0	Unsaturated fatty acids	1.0	2.0	0.0	MS1_match	http://www.wikidata.org/entity/Q256502	DTOSIQBPPRVQHS-PDBXOOCHSA-N	InChI=1S/C18H30O2/c1-2-3-4-5-6-7-8-9-10-11-12-13-14-15-16-17-18(19)20/h3-4,6-7,9-10H,2,5,8,11-17H2,1H3,(H,19,20)/b4-3-,7-6-,10-9-	CC/C=C\C/C=C\C/C=C\CCCCCCCC(=O)O	C18H30O2	pos_1_1proton1ammonium	278.2245802	Linolenic Acid	DTOSIQBPPRVQHS	Fatty acids	Fatty Acids and Conjugates	Unsaturated fatty acids	http://www.wikidata.org/entity/Q15978631	Homo sapiens	770315.0	['Eukaryota']	['Metazoa']	['Chordata']	['Mammalia']	['Primates']	['Hominidae']	['Unknown']	['Homo']	['Homo sapiens']		['Eukaryota']	['Metazoa']	['Chordata']	['Mammalia']		['Hominidae']		['Homo']	['Homo sapiens']	7	3	8.5	1
144	19	Fatty acids	1.0	Fatty Acids and Conjugates	1.0	Unsaturated fatty acids	1.0	2.0	0.0	MS1_match	http://www.wikidata.org/entity/Q412366	SECPZKHBENQXJG-FPLPWBNLSA-N	InChI=1S/C16H30O2/c1-2-3-4-5-6-7-8-9-10-11-12-13-14-15-16(17)18/h7-8H,2-6,9-15H2,1H3,(H,17,18)/b8-7-	CCCCCC/C=C\CCCCCCCC(=O)O	C16H30O2	pos_1_1proton1acetonitrile	254.2245802	Palmitoleic acid	SECPZKHBENQXJG	Fatty acids	Fatty Acids and Conjugates	Unsaturated fatty acids	http://www.wikidata.org/entity/Q15978631	Homo sapiens	770315.0	['Eukaryota']	['Metazoa']	['Chordata']	['Mammalia']	['Primates']	['Hominidae']	['Unknown']	['Homo']	['Homo sapiens']		['Eukaryota']	['Metazoa']	['Chordata']	['Mammalia']		['Hominidae']		['Homo']	['Homo sapiens']	7	3	8.5	1
144	19	Fatty acids	1.0	Fatty Acids and Conjugates	1.0	Unsaturated fatty acids	1.0	2.0	0.0	MS1_match	http://www.wikidata.org/entity/Q415885	VZCCETWTMQHEPK-QNEBEIHSSA-N	InChI=1S/C18H30O2/c1-2-3-4-5-6-7-8-9-10-11-12-13-14-15-16-17-18(19)20/h6-7,9-10,12-13H,2-5,8,11,14-17H2,1H3,(H,19,20)/b7-6-,10-9-,13-12-	CCCCC/C=C\C/C=C\C/C=C\CCCCC(=O)O	C18H30O2	pos_1_1proton1ammonium	278.2245802	gamma-Linolenic acid	VZCCETWTMQHEPK	Fatty acids	Fatty Acids and Conjugates	Unsaturated fatty acids	http://www.wikidata.org/entity/Q15978631	Homo sapiens	770315.0	['Eukaryota']	['Metazoa']	['Chordata']	['Mammalia']	['Primates']	['Hominidae']	['Unknown']	['Homo']	['Homo sapiens']		['Eukaryota']	['Metazoa']	['Chordata']	['Mammalia']		['Hominidae']		['Homo']	['Homo sapiens']	7	3	8.5	1
139	7	Fatty acids	0.6285714285714286	Fatty amides	0.42857142857142855	Primary amides	0.37142857142857144	1.0	0.801478	ISDB	http://www.wikidata.org/entity/Q27164841	SFIHQZFZMWZOJV-UHFFFAOYSA-N	InChI=1S/C18H33NO/c1-2-3-4-5-6-7-8-9-10-11-12-13-14-15-16-17-18(19)20/h6-7,9-10H,2-5,8,11-17H2,1H3,(H2,19,20)	CCCCCC=CCC=CCCCCCCCC(N)=O	C18H33NO		279.256214676	CID 3930	SFIHQZFZMWZOJV	Fatty acids	Fatty amides	Primary amides	http://www.wikidata.org/entity/Q237465	Averrhoa bilimbi	829006.0	['Eukaryota']	['Archaeplastida']	['Streptophyta']	['Magnoliopsida']	['Oxalidales']	['Oxalidaceae']	['Unknown']	['Averrhoa']	['Averrhoa bilimbi']		['Eukaryota']									1	3	5.705912113189697	1
138	13	Fatty acids	0.6	Fatty Acids and Conjugates	0.4	Branched fatty acids	0.4	2.0	0.0	MS1_match	http://www.wikidata.org/entity/Q421171	RLCKHJSFHOZMDR-UHFFFAOYSA-N	InChI=1S/C20H40O2/c1-16(2)9-6-10-17(3)11-7-12-18(4)13-8-14-19(5)15-20(21)22/h16-19H,6-15H2,1-5H3,(H,21,22)	CC(C)CCCC(C)CCCC(C)CCCC(C)CC(=O)O	C20H40O2	pos_1_1proton1ammonium	312.30283052	Phytanic acid	RLCKHJSFHOZMDR	Fatty acids	Fatty Acids and Conjugates	Branched fatty acids	http://www.wikidata.org/entity/Q15978631	Homo sapiens	770315.0	['Eukaryota']	['Metazoa']	['Chordata']	['Mammalia']	['Primates']	['Hominidae']	['Unknown']	['Homo']	['Homo sapiens']		['Eukaryota']	['Metazoa']	['Chordata']	['Mammalia']		['Hominidae']		['Homo']	['Homo sapiens']	7	3	8.5	1
135	7	Fatty acids	0.6285714285714286	Fatty amides	0.42857142857142855	Primary amides	0.37142857142857144	1.0	0.7123445	ISDB	http://www.wikidata.org/entity/Q27164841	SFIHQZFZMWZOJV-UHFFFAOYSA-N	InChI=1S/C18H33NO/c1-2-3-4-5-6-7-8-9-10-11-12-13-14-15-16-17-18(19)20/h6-7,9-10H,2-5,8,11-17H2,1H3,(H2,19,20)	CCCCCC=CCC=CCCCCCCCC(N)=O	C18H33NO		279.256214676	CID 3930	SFIHQZFZMWZOJV	Fatty acids	Fatty amides	Primary amides	http://www.wikidata.org/entity/Q237465	Averrhoa bilimbi	829006.0	['Eukaryota']	['Archaeplastida']	['Streptophyta']	['Magnoliopsida']	['Oxalidales']	['Oxalidaceae']	['Unknown']	['Averrhoa']	['Averrhoa bilimbi']		['Eukaryota']									1	3	5.3493781089782715	1
132	7	Fatty acids	0.6285714285714286	Fatty amides	0.42857142857142855	Primary amides	0.37142857142857144	1.0	0.7859279	ISDB	http://www.wikidata.org/entity/Q27164841	SFIHQZFZMWZOJV-UHFFFAOYSA-N	InChI=1S/C18H33NO/c1-2-3-4-5-6-7-8-9-10-11-12-13-14-15-16-17-18(19)20/h6-7,9-10H,2-5,8,11-17H2,1H3,(H2,19,20)	CCCCCC=CCC=CCCCCCCCC(N)=O	C18H33NO		279.256214676	CID 3930	SFIHQZFZMWZOJV	Fatty acids	Fatty amides	Primary amides	http://www.wikidata.org/entity/Q237465	Averrhoa bilimbi	829006.0	['Eukaryota']	['Archaeplastida']	['Streptophyta']	['Magnoliopsida']	['Oxalidales']	['Oxalidaceae']	['Unknown']	['Averrhoa']	['Averrhoa bilimbi']		['Eukaryota']									1	3	5.643711566925049	1
125	13	Fatty acids	0.6	Fatty Acids and Conjugates	0.4	Branched fatty acids	0.4	1.0	0.5988576	ISDB	http://www.wikidata.org/entity/Q76421504	CILLLUONWCSDCK-BZSNNMDCSA-N	InChI=1S/C18H39NO2/c1-3-4-5-6-7-8-9-10-11-12-13-14-17(20)15-18(21)16(2)19/h16-18,20-21H,3-15,19H2,1-2H3/t16-,17-,18-/m0/s1	CCCCCCCCCCCCC[C@H](O)C[C@H](O)[C@H](C)N	C18H39NO2		301.298079488	Enigmol	CILLLUONWCSDCK	Fatty acids	Sphingolipids	Sphingoid bases	http://www.wikidata.org/entity/Q237465	Averrhoa bilimbi	829006.0	['Eukaryota']	['Archaeplastida']	['Streptophyta']	['Magnoliopsida']	['Oxalidales']	['Oxalidaceae']	['Unknown']	['Averrhoa']	['Averrhoa bilimbi']											0	1	2.895430326461792	1
117	-1							1.0	0.9328969	ISDB	http://www.wikidata.org/entity/Q104376107	MPIBOQKDJNGGSK-BPNCWPANSA-N	InChI=1S/C14H20O/c1-12(2)6-4-7-13(3)8-5-11(15)10-9-14(10,12)13/h5,8,10H,4,6-7,9H2,1-3H3/t10-,13-,14-/m0/s1	CC1(C)CCC[C@@]2(C)C=CC(=O)[C@@H]3C[C@]312	C14H20O		204.15141526	CID 15560170	MPIBOQKDJNGGSK	Terpenoids	Sesquiterpenoids	Thujopsane sesquiterpenoids	http://www.wikidata.org/entity/Q182881	Panax ginseng	524063.0	['Eukaryota']	['Archaeplastida']	['Streptophyta']	['Magnoliopsida']	['Apiales']	['Araliaceae']	['Unknown']	['Panax']	['Panax ginseng']		['Eukaryota']									1	0	4.731587648391724	1
115	18	Terpenoids	1.0	Sesquiterpenoids	1.0	Unsaturated fatty acids	0.5	37.0	0.0	MS1_match	http://www.wikidata.org/entity/Q423345	MBMBGCFOFBJSGT-KUBAVDMBSA-N	InChI=1S/C22H32O2/c1-2-3-4-5-6-7-8-9-10-11-12-13-14-15-16-17-18-19-20-21-22(23)24/h3-4,6-7,9-10,12-13,15-16,18-19H,2,5,8,11,14,17,20-21H2,1H3,(H,23,24)/b4-3-,7-6-,10-9-,13-12-,16-15-,19-18-	CC/C=C\C/C=C\C/C=C\C/C=C\C/C=C\C/C=C\CCC(=O)O	C22H32O2	pos_2_2proton	328.240230264	Docosahexaenoic acid	MBMBGCFOFBJSGT	Fatty acids	Fatty Acids and Conjugates	Unsaturated fatty acids	http://www.wikidata.org/entity/Q15978631	Homo sapiens	770315.0	['Eukaryota']	['Metazoa']	['Chordata']	['Mammalia']	['Primates']	['Hominidae']	['Unknown']	['Homo']	['Homo sapiens']		['Eukaryota']	['Metazoa']	['Chordata']	['Mammalia']		['Hominidae']		['Homo']	['Homo sapiens']	7	3	8.5	1
113	-1							1.0	0.59971243	ISDB	http://www.wikidata.org/entity/Q72446383	DQUXXEYAJDQQTP-UHFFFAOYSA-N	InChI=1S/C20H16O6/c21-20-15(6-13-2-4-17-19(8-13)26-11-24-17)14(9-22-20)5-12-1-3-16-18(7-12)25-10-23-16/h1-4,7-8H,5-6,9-11H2	O=C1OCC(Cc2ccc3c(c2)OCO3)=C1Cc1ccc2c(c1)OCO2	C20H16O6		352.094688232	2(5H)-Furanone, 3,4-bis(1,3-benzodioxol-5-ylmethyl)-	DQUXXEYAJDQQTP	Shikimates and Phenylpropanoids	Lignans	Dibenzylbutyrolactone lignans	http://www.wikidata.org/entity/Q8066282	Zanthoxylum nitidum	164612.0	['Eukaryota']	['Archaeplastida']	['Streptophyta']	['Magnoliopsida']	['Sapindales']	['Rutaceae']	['Unknown']	['Zanthoxylum']	['Zanthoxylum nitidum']											0	0	2.3988497257232666	1
111	-1							1.0	0.70047843	ISDB	http://www.wikidata.org/entity/Q104667182	PSJUKNBMBYBQSO-IKKZXAHCSA-N	InChI=1S/C13H18O/c1-8-3-4-11-12(14)9(2)10-5-6-13(8,11)7-10/h8,10-11H,2-7H2,1H3/t8-,10+,11?,13-/m0/s1	C=C1C(=O)C2CC[C@H](C)[C@@]23CC[C@@H]1C3	C13H18O		190.135765196	15-nor-Prezizaan-7-one	PSJUKNBMBYBQSO	Terpenoids	Sesquiterpenoids		http://www.wikidata.org/entity/Q378568	Chrysopogon zizanioides	281780.0	['Eukaryota']	['Archaeplastida']	['Streptophyta']	['Magnoliopsida']	['Poales']	['Poaceae']	['Andropogoneae']	['Chrysopogon']	['Chrysopogon zizanioides']		['Eukaryota']									1	0	3.8019137382507324	1
110	13	Fatty acids	0.6	Fatty Acids and Conjugates	0.4	Branched fatty acids	0.4	1.0	0.3882005	ISDB									KFQUQCFJDMSIJF							['Unknown']	['Unknown']	['Unknown']	['Unknown']	['Unknown']	['Unknown']	['Unknown']	['Unknown']	['Unknown']											0	0	1.5528019666671753	1
109	18	Terpenoids	1.0	Sesquiterpenoids	1.0	Unsaturated fatty acids	0.5	1.0	0.7325343	ISDB	http://www.wikidata.org/entity/Q104667182	PSJUKNBMBYBQSO-IKKZXAHCSA-N	InChI=1S/C13H18O/c1-8-3-4-11-12(14)9(2)10-5-6-13(8,11)7-10/h8,10-11H,2-7H2,1H3/t8-,10+,11?,13-/m0/s1	C=C1C(=O)C2CC[C@H](C)[C@@]23CC[C@@H]1C3	C13H18O		190.135765196	15-nor-Prezizaan-7-one	PSJUKNBMBYBQSO	Terpenoids	Sesquiterpenoids		http://www.wikidata.org/entity/Q378568	Chrysopogon zizanioides	281780.0	['Eukaryota']	['Archaeplastida']	['Streptophyta']	['Magnoliopsida']	['Poales']	['Poaceae']	['Andropogoneae']	['Chrysopogon']	['Chrysopogon zizanioides']		['Eukaryota']									1	2	4.9301371574401855	1
107	13	Fatty acids	0.6	Fatty Acids and Conjugates	0.4	Branched fatty acids	0.4	1.0	0.37745702	ISDB									KFQUQCFJDMSIJF							['Unknown']	['Unknown']	['Unknown']	['Unknown']	['Unknown']	['Unknown']	['Unknown']	['Unknown']	['Unknown']											0	0	1.5098280906677246	1
105	-1							1.0	0.68602484	ISDB	http://www.wikidata.org/entity/Q27139281	BTUSGZZCQZACPT-YYZTVXDQSA-N	InChI=1S/C16H33NO2/c1-2-3-4-5-6-7-8-9-10-11-12-13-16(19)15(17)14-18/h12-13,15-16,18-19H,2-11,14,17H2,1H3/b13-12+/t15-,16+/m0/s1	CCCCCCCCCCC/C=C/[C@@H](O)[C@@H](N)CO	C16H33NO2		271.251129296	Hexadecasphingosine	BTUSGZZCQZACPT	Fatty acids	Sphingolipids	Sphingoid bases	http://www.wikidata.org/entity/Q132592	Klebsiella pneumoniae	443477.0	['Bacteria']	['Unknown']	['Proteobacteria']	['Betaproteobacteria']	['Burkholderiales']	['Alcaligenaceae']	['Unknown']	['Achromobacter']	['Klebsiella pneumoniae']											0	0	2.7440993785858154	1
103	10							1.0	0.49409908	ISDB									OCHZTELGZBWSJD							['Unknown']	['Unknown']	['Unknown']	['Unknown']	['Unknown']	['Unknown']	['Unknown']	['Unknown']	['Unknown']											0	0	1.9763963222503662	1
101	-1							1.0	0.41797188	ISDB	http://www.wikidata.org/entity/Q6501952	SYELZBGXAIXKHU-UHFFFAOYSA-N	InChI=1S/C14H31NO/c1-4-5-6-7-8-9-10-11-12-13-14-15(2,3)16/h4-14H2,1-3H3	CCCCCCCCCCCC[N+](C)(C)[O-]	C14H31NO		229.240564612	Lauramine oxide	SYELZBGXAIXKHU	Fatty acids	Fatty acyls	Hydrocarbons	http://www.wikidata.org/entity/Q309852	Euglena gracilis	1073327.0	['Eukaryota']	['Unknown']	['Euglenida']	['Euglenophyceae']	['Unknown']	['Euglenaceae']	['Unknown']	['Euglena']	['Euglena gracilis']											0	0	1.6718875169754028	1
96	-1							8.0	0.21810617	ISDB	http://www.wikidata.org/entity/Q105218100	QBZBEMFNBTTWIR-DTBZEZDJSA-N	InChI=1S/C14H22O4/c1-7-6-10(17)12-14(18-12)5-4-9(16)11(8(2)15)13(7,14)3/h7,9-12,16-17H,4-6H2,1-3H3/t7-,9+,10+,11-,12-,13-,14-/m1/s1	CC(=O)[C@@H]1[C@@H](O)CC[C@@]23O[C@@H]2[C@@H](O)C[C@@H](C)[C@]13C	C14H22O4		254.151809184	1-[(1aR,2S,4R,4aR,5S,6S,8aS)-2,6-dihydroxy-4,4a-dimethyl-1a,2,3,4,5,6,7,8-octahydronaphtho[4a,5-b]oxiren-5-yl]ethanone	QBZBEMFNBTTWIR	Terpenoids	Sesquiterpenoids	Nardosinane sesquiterpenoids	http://www.wikidata.org/entity/Q3182257	Lemnalia laevis	4713412.0	['Eukaryota']	['Metazoa']	['Cnidaria']	['Anthozoa']	['Alcyonacea']	['Nephtheidae']	['Unknown']	['Lemnalia']	['Lemnalia laevis']		['Eukaryota']	['Metazoa']								2	0	2.8724246621131897	1
87	10							1.0	0.40288386	ISDB									QDBLJDVWLXPWOQ							['Unknown']	['Unknown']	['Unknown']	['Unknown']	['Unknown']	['Unknown']	['Unknown']	['Unknown']	['Unknown']											0	0	1.6115354299545288	1
83	4	Fatty acids	0.47619047619047616	Tyrosine alkaloids	0.3333333333333333	Phenylethylamines	0.2857142857142857	11.0	0.0	MS1_match	http://www.wikidata.org/entity/Q119915	KUBCEEMXQZUPDQ-UHFFFAOYSA-N	InChI=1S/C10H15NO/c1-11(2)8-7-9-3-5-10(12)6-4-9/h3-6,12H,7-8H2,1-2H3	CN(C)CCc1ccc(O)cc1	C10H15NO	pos_1_1proton1isopropanol	165.1153641	Hordenine	KUBCEEMXQZUPDQ	Alkaloids	Tyrosine alkaloids	Amarylidaceae alkaloids	http://www.wikidata.org/entity/Q15978631	Homo sapiens	770315.0	['Eukaryota']	['Metazoa']	['Chordata']	['Mammalia']	['Primates']	['Hominidae']	['Unknown']	['Homo']	['Homo sapiens']		['Eukaryota']	['Metazoa']	['Chordata']	['Mammalia']		['Hominidae']		['Homo']	['Homo sapiens']	7	2	8.0	1
81	4	Fatty acids	0.47619047619047616	Tyrosine alkaloids	0.3333333333333333	Phenylethylamines	0.2857142857142857	8.0	0.0	MS1_match	http://www.wikidata.org/entity/Q309527	AXVZFRBSCNEKPQ-UHFFFAOYSA-N	InChI=1S/C9H13NO/c1-10-7-6-8-2-4-9(11)5-3-8/h2-5,10-11H,6-7H2,1H3	CNCCc1ccc(O)cc1	C9H13NO	pos_1_1proton1isopropanol	151.099714036	N-Methyltyramine	AXVZFRBSCNEKPQ	Alkaloids	Tyrosine alkaloids	Phenylethylamines	http://www.wikidata.org/entity/Q15978631	Homo sapiens	770315.0	['Eukaryota']	['Metazoa']	['Chordata']	['Mammalia']	['Primates']	['Hominidae']	['Unknown']	['Homo']	['Homo sapiens']		['Eukaryota']	['Metazoa']	['Chordata']	['Mammalia']		['Hominidae']		['Homo']	['Homo sapiens']	7	3	8.5	1
74	4	Fatty acids	0.47619047619047616	Tyrosine alkaloids	0.3333333333333333	Phenylethylamines	0.2857142857142857	1.0	0.24323955	ISDB									YWVFNBYKFOWGPG							['Unknown']	['Unknown']	['Unknown']	['Unknown']	['Unknown']	['Unknown']	['Unknown']	['Unknown']	['Unknown']											0	0	0.9729582071304321	1
73	4	Fatty acids	0.47619047619047616	Tyrosine alkaloids	0.3333333333333333	Phenylethylamines	0.2857142857142857	4.0	0.0	MS1_match	http://www.wikidata.org/entity/Q165930	DZGWFCGJZKJUFP-UHFFFAOYSA-N	InChI=1S/C8H11NO/c9-6-5-7-1-3-8(10)4-2-7/h1-4,10H,5-6,9H2	NCCc1ccc(O)cc1	C8H11NO	pos_1_1proton1isopropanol	137.084063972	Tyramine	DZGWFCGJZKJUFP	Alkaloids	Tyrosine alkaloids	Phenylethylamines	http://www.wikidata.org/entity/Q15978631	Homo sapiens	770315.0	['Eukaryota']	['Metazoa']	['Chordata']	['Mammalia']	['Primates']	['Hominidae']	['Unknown']	['Homo']	['Homo sapiens']		['Eukaryota']	['Metazoa']	['Chordata']	['Mammalia']		['Hominidae']		['Homo']	['Homo sapiens']	7	3	8.5	1
71	-1							1.0	0.5266966	ISDB	http://www.wikidata.org/entity/Q77383339	NAOOUNZOTXOKLH-KCLYPKKVSA-N	InChI=1S/C10H17N/c1-2-3-4-7-10-8-5-6-9-11-10/h2-4,7,10-11H,5-6,8-9H2,1H3/b3-2+,7-4+/t10-/m0/s1	C/C=C/C=C/[C@H]1CCCCN1	C10H17N		151.136099544	(R)-(E,E)-2-(1,3-pentadienyl)piperidine	NAOOUNZOTXOKLH	Alkaloids	Lysine alkaloids	Piperidine alkaloids	http://www.wikidata.org/entity/Q1144013	Streptomyces	772892.0	['Bacteria']	['Unknown']	['Actinobacteria']	['Unknown']	['Streptomycetales']	['Streptomycetaceae']	['Unknown']	['Streptomyces']	['Unknown']											0	0	2.1067864894866943	1
69	4	Fatty acids	0.47619047619047616	Tyrosine alkaloids	0.3333333333333333	Phenylethylamines	0.2857142857142857	3.0	0.0	MS1_match	http://www.wikidata.org/entity/Q21099662	SEPPVOUBHWNCAW-FNORWQNLSA-N	InChI=1S/C9H14O2/c1-2-3-4-6-9(11)7-5-8-10/h5,7-8H,2-4,6H2,1H3/b7-5+	CCCCCC(=O)/C=C/C=O	C9H14O2	pos_1_1proton1acetonitrile	154.099379688	4-Oxo-2-nonenal	SEPPVOUBHWNCAW	Fatty acids	Fatty acyls	Fatty aldehydes	http://www.wikidata.org/entity/Q15978631	Homo sapiens	770315.0	['Eukaryota']	['Metazoa']	['Chordata']	['Mammalia']	['Primates']	['Hominidae']	['Unknown']	['Homo']	['Homo sapiens']		['Eukaryota']	['Metazoa']	['Chordata']	['Mammalia']		['Hominidae']		['Homo']	['Homo sapiens']	7	1	7.5	1
68	4	Fatty acids	0.47619047619047616	Tyrosine alkaloids	0.3333333333333333	Phenylethylamines	0.2857142857142857	12.0	0.0	MS1_match	http://www.wikidata.org/entity/Q24735451	PYLMCYQHBRSDND-UHFFFAOYSA-N	InChI=1S/C8H14O/c1-3-5-6-8(4-2)7-9/h6-7H,3-5H2,1-2H3	CCCC=C(C=O)CC	C8H14O	pos_1_1proton1acetonitrile	126.104465068	2-Ethylhex-2-enal	PYLMCYQHBRSDND	Fatty acids	Fatty acyls	Fatty aldehydes	http://www.wikidata.org/entity/Q15978631	Homo sapiens	770315.0	['Eukaryota']	['Metazoa']	['Chordata']	['Mammalia']	['Primates']	['Hominidae']	['Unknown']	['Homo']	['Homo sapiens']		['Eukaryota']	['Metazoa']	['Chordata']	['Mammalia']		['Hominidae']		['Homo']	['Homo sapiens']	7	1	7.5	1
66	-1							1.0	0.39899713	ISDB									FCSJBORCTWILJP							['Unknown']	['Unknown']	['Unknown']	['Unknown']	['Unknown']	['Unknown']	['Unknown']	['Unknown']	['Unknown']											0	0	1.5959885120391846	1
65	4	Fatty acids	0.47619047619047616	Tyrosine alkaloids	0.3333333333333333	Phenylethylamines	0.2857142857142857	2.0	0.25385916	ISDB	http://www.wikidata.org/entity/Q105286442	VHHUMCJOXTZJOX-QMMMGPOBSA-N	InChI=1S/C10H19NO3/c1-7(2)6-9(12)4-5-11-8(3)10(13)14/h7-8,11H,4-6H2,1-3H3,(H,13,14)/t8-/m0/s1	CC(C)CC(=O)CCN[C@@H](C)C(=O)O	C10H19NO3		201.136493468	N-(5-Methyl-3-oxohexyl)alanine	VHHUMCJOXTZJOX				http://www.wikidata.org/entity/Q161198	Cycas circinalis	99243.0	['Eukaryota']	['Archaeplastida']	['Streptophyta']	['Unknown']	['Cycadales']	['Cycadaceae']	['Unknown']	['Cycas']	['Cycas circinalis']		['Eukaryota']									1	0	2.0154366493225098	1
64	4	Fatty acids	0.47619047619047616	Tyrosine alkaloids	0.3333333333333333	Phenylethylamines	0.2857142857142857	6.0	0.0	MS1_match	http://www.wikidata.org/entity/Q309527	AXVZFRBSCNEKPQ-UHFFFAOYSA-N	InChI=1S/C9H13NO/c1-10-7-6-8-2-4-9(11)5-3-8/h2-5,10-11H,6-7H2,1H3	CNCCc1ccc(O)cc1	C9H13NO	pos_1_1proton1methanol	151.099714036	N-Methyltyramine	AXVZFRBSCNEKPQ	Alkaloids	Tyrosine alkaloids	Phenylethylamines	http://www.wikidata.org/entity/Q15978631	Homo sapiens	770315.0	['Eukaryota']	['Metazoa']	['Chordata']	['Mammalia']	['Primates']	['Hominidae']	['Unknown']	['Homo']	['Homo sapiens']		['Eukaryota']	['Metazoa']	['Chordata']	['Mammalia']		['Hominidae']		['Homo']	['Homo sapiens']	7	3	8.5	1
61	4	Fatty acids	0.47619047619047616	Tyrosine alkaloids	0.3333333333333333	Phenylethylamines	0.2857142857142857	1.0	0.0	MS1_match	http://www.wikidata.org/entity/Q27107133	JWJCTZKFYGDABJ-VIFPVBQESA-N	InChI=1S/C10H15NO3/c1-11-6-9(13)7-3-4-8(12)10(5-7)14-2/h3-5,9,11-13H,6H2,1-2H3/t9-/m0/s1	CNC[C@H](O)c1ccc(O)c(OC)c1	C10H15NO3	pos_1_1proton1methanol	197.10519334	L-Metanephrine	JWJCTZKFYGDABJ	Alkaloids	Tyrosine alkaloids	Phenylethylamines	http://www.wikidata.org/entity/Q15978631	Homo sapiens	770315.0	['Eukaryota']	['Metazoa']	['Chordata']	['Mammalia']	['Primates']	['Hominidae']	['Unknown']	['Homo']	['Homo sapiens']		['Eukaryota']	['Metazoa']	['Chordata']	['Mammalia']		['Hominidae']		['Homo']	['Homo sapiens']	7	3	8.5	1
61	4	Fatty acids	0.47619047619047616	Tyrosine alkaloids	0.3333333333333333	Phenylethylamines	0.2857142857142857	1.0	0.0	MS1_match	http://www.wikidata.org/entity/Q27087994	SFLSHLFXELFNJZ-UHFFFAOYSA-N	InChI=1S/C8H11NO3/c9-4-8(12)5-1-2-6(10)7(11)3-5/h1-3,8,10-12H,4,9H2	NCC(O)c1ccc(O)c(O)c1	C8H11NO3	pos_1_1proton1isopropanol	169.073893212	4-(2-Amino-1-hydroxyethyl)benzene-1,2-diol	SFLSHLFXELFNJZ	Alkaloids	Tyrosine alkaloids	Phenylethylamines	http://www.wikidata.org/entity/Q15978631	Homo sapiens	770315.0	['Eukaryota']	['Metazoa']	['Chordata']	['Mammalia']	['Primates']	['Hominidae']	['Unknown']	['Homo']	['Homo sapiens']		['Eukaryota']	['Metazoa']	['Chordata']	['Mammalia']		['Hominidae']		['Homo']	['Homo sapiens']	7	3	8.5	1
58	4	Fatty acids	0.47619047619047616	Tyrosine alkaloids	0.3333333333333333	Phenylethylamines	0.2857142857142857	1.0	0.0	MS1_match	http://www.wikidata.org/entity/Q7279006	UCTWMZQNUQWSLP-UHFFFAOYSA-N	InChI=1S/C9H13NO3/c1-10-5-9(13)6-2-3-7(11)8(12)4-6/h2-4,9-13H,5H2,1H3	CNCC(O)c1ccc(O)c(O)c1	C9H13NO3	pos_1_1proton1isopropanol	183.089543276	CID 4866774	UCTWMZQNUQWSLP	Alkaloids	Tyrosine alkaloids	Phenylethylamines	http://www.wikidata.org/entity/Q15978631	Homo sapiens	770315.0	['Eukaryota']	['Metazoa']	['Chordata']	['Mammalia']	['Primates']	['Hominidae']	['Unknown']	['Homo']	['Homo sapiens']		['Eukaryota']	['Metazoa']	['Chordata']	['Mammalia']		['Hominidae']		['Homo']	['Homo sapiens']	7	3	8.5	1
56	4	Fatty acids	0.47619047619047616	Tyrosine alkaloids	0.3333333333333333	Phenylethylamines	0.2857142857142857	4.0	0.0	MS1_match	http://www.wikidata.org/entity/Q17517938	JGEGJYXHCFUMJF-UHFFFAOYSA-N	InChI=1S/C6H12O/c1-6(2)4-3-5-7/h5-6H,3-4H2,1-2H3	CC(C)CCC=O	C6H12O	pos_1_1proton1acetonitrile	100.088815004	4-Methylpentanal	JGEGJYXHCFUMJF	Fatty acids	Fatty acyls	Fatty aldehydes	http://www.wikidata.org/entity/Q15978631	Homo sapiens	770315.0	['Eukaryota']	['Metazoa']	['Chordata']	['Mammalia']	['Primates']	['Hominidae']	['Unknown']	['Homo']	['Homo sapiens']		['Eukaryota']	['Metazoa']	['Chordata']	['Mammalia']		['Hominidae']		['Homo']	['Homo sapiens']	7	1	7.5	1
56	4	Fatty acids	0.47619047619047616	Tyrosine alkaloids	0.3333333333333333	Phenylethylamines	0.2857142857142857	4.0	0.0	MS1_match	http://www.wikidata.org/entity/Q223076	PFCHFHIRKBAQGU-UHFFFAOYSA-N	InChI=1S/C6H12O/c1-3-5-6(7)4-2/h3-5H2,1-2H3	CCCC(=O)CC	C6H12O	pos_1_1proton1acetonitrile	100.088815004	3-Hexanone	PFCHFHIRKBAQGU	Fatty acids	Fatty acyls	Oxygenated hydrocarbons	http://www.wikidata.org/entity/Q15978631	Homo sapiens	770315.0	['Eukaryota']	['Metazoa']	['Chordata']	['Mammalia']	['Primates']	['Hominidae']	['Unknown']	['Homo']	['Homo sapiens']		['Eukaryota']	['Metazoa']	['Chordata']	['Mammalia']		['Hominidae']		['Homo']	['Homo sapiens']	7	1	7.5	1
56	4	Fatty acids	0.47619047619047616	Tyrosine alkaloids	0.3333333333333333	Phenylethylamines	0.2857142857142857	4.0	0.0	MS1_match	http://www.wikidata.org/entity/Q422627	POULHZVOKOAJMA-UHFFFAOYSA-N	InChI=1S/C12H24O2/c1-2-3-4-5-6-7-8-9-10-11-12(13)14/h2-11H2,1H3,(H,13,14)	CCCCCCCCCCCC(=O)O	C12H24O2	pos_2_2proton2acetonitrile	200.177630008	Lauric Acid	POULHZVOKOAJMA	Fatty acids	Fatty Acids and Conjugates	Branched fatty acids	http://www.wikidata.org/entity/Q15978631	Homo sapiens	770315.0	['Eukaryota']	['Metazoa']	['Chordata']	['Mammalia']	['Primates']	['Hominidae']	['Unknown']	['Homo']	['Homo sapiens']		['Eukaryota']	['Metazoa']	['Chordata']	['Mammalia']		['Hominidae']		['Homo']	['Homo sapiens']	7	1	7.5	1
55	-1							1.0	0.6405702	ISDB	http://www.wikidata.org/entity/Q105256886	SOEACRLLVZHBKW-GORDUTHDSA-N	InChI=1S/C8H13N/c1-2-5-8-6-3-4-7-9-8/h2,5H,3-4,6-7H2,1H3/b5-2+	C/C=C/C1=NCCCC1	C8H13N		123.104799416	2-(1-Propenyl)-3,4,5,6-tetrahydropyridine	SOEACRLLVZHBKW	Alkaloids			http://www.wikidata.org/entity/Q13188	Punica granatum	646814.0	['Eukaryota']	['Archaeplastida']	['Streptophyta']	['Magnoliopsida']	['Myrtales']	['Lythraceae']	['Unknown']	['Punica']	['Punica granatum']		['Eukaryota']									1	0	3.5622808933258057	1
54	4	Fatty acids	0.47619047619047616	Tyrosine alkaloids	0.3333333333333333	Phenylethylamines	0.2857142857142857	3.0	0.0	MS1_match	http://www.wikidata.org/entity/Q165930	DZGWFCGJZKJUFP-UHFFFAOYSA-N	InChI=1S/C8H11NO/c9-6-5-7-1-3-8(10)4-2-7/h1-4,10H,5-6,9H2	NCCc1ccc(O)cc1	C8H11NO	pos_1_1proton1methanol	137.084063972	Tyramine	DZGWFCGJZKJUFP	Alkaloids	Tyrosine alkaloids	Phenylethylamines	http://www.wikidata.org/entity/Q15978631	Homo sapiens	770315.0	['Eukaryota']	['Metazoa']	['Chordata']	['Mammalia']	['Primates']	['Hominidae']	['Unknown']	['Homo']	['Homo sapiens']		['Eukaryota']	['Metazoa']	['Chordata']	['Mammalia']		['Hominidae']		['Homo']	['Homo sapiens']	7	3	8.5	1
51	4	Fatty acids	0.47619047619047616	Tyrosine alkaloids	0.3333333333333333	Phenylethylamines	0.2857142857142857	4.0	0.0	MS1_match	http://www.wikidata.org/entity/Q622421	BKAJNAXTPSGJCU-UHFFFAOYSA-N	InChI=1S/C6H10O3/c1-4(2)3-5(7)6(8)9/h4H,3H2,1-2H3,(H,8,9)	CC(C)CC(=O)C(=O)O	C6H10O3	pos_1_1proton1ethylamine	130.06299418	4-Methyl-2-oxopentanoic acid	BKAJNAXTPSGJCU	Fatty acids	Fatty Acids and Conjugates	Oxo fatty acids	http://www.wikidata.org/entity/Q15978631	Homo sapiens	770315.0	['Eukaryota']	['Metazoa']	['Chordata']	['Mammalia']	['Primates']	['Hominidae']	['Unknown']	['Homo']	['Homo sapiens']		['Eukaryota']	['Metazoa']	['Chordata']	['Mammalia']		['Hominidae']		['Homo']	['Homo sapiens']	7	1	7.5	1
51	4	Fatty acids	0.47619047619047616	Tyrosine alkaloids	0.3333333333333333	Phenylethylamines	0.2857142857142857	4.0	0.0	MS1_match	http://www.wikidata.org/entity/Q23905808	JVQYSWDUAOAHFM-UHFFFAOYSA-N	InChI=1S/C6H10O3/c1-3-4(2)5(7)6(8)9/h4H,3H2,1-2H3,(H,8,9)	CCC(C)C(=O)C(=O)O	C6H10O3	pos_1_1proton1ethylamine	130.06299418	3-Methyl-2-oxovaleric acid	JVQYSWDUAOAHFM	Fatty acids	Fatty Acids and Conjugates	Branched fatty acids	http://www.wikidata.org/entity/Q15978631	Homo sapiens	770315.0	['Eukaryota']	['Metazoa']	['Chordata']	['Mammalia']	['Primates']	['Hominidae']	['Unknown']	['Homo']	['Homo sapiens']		['Eukaryota']	['Metazoa']	['Chordata']	['Mammalia']		['Hominidae']		['Homo']	['Homo sapiens']	7	1	7.5	1
51	4	Fatty acids	0.47619047619047616	Tyrosine alkaloids	0.3333333333333333	Phenylethylamines	0.2857142857142857	4.0	0.0	MS1_match	http://www.wikidata.org/entity/Q27102314	XNIHZNNZJHYHLC-UHFFFAOYSA-N	InChI=1S/C6H10O3/c1-2-3-4-5(7)6(8)9/h2-4H2,1H3,(H,8,9)	CCCCC(=O)C(=O)O	C6H10O3	pos_1_1proton1ethylamine	130.06299418	2-Oxohexanoic acid	XNIHZNNZJHYHLC	Fatty acids	Fatty Acids and Conjugates	Oxo fatty acids	http://www.wikidata.org/entity/Q15978631	Homo sapiens	770315.0	['Eukaryota']	['Metazoa']	['Chordata']	['Mammalia']	['Primates']	['Hominidae']	['Unknown']	['Homo']	['Homo sapiens']		['Eukaryota']	['Metazoa']	['Chordata']	['Mammalia']		['Hominidae']		['Homo']	['Homo sapiens']	7	1	7.5	1
49	22	Fatty acids	0.6666666666666666	Fatty esters	0.6666666666666666	Fatty acyl carnitines	0.6666666666666666	1.0	0.0	MS1_match	http://www.wikidata.org/entity/Q27103933	UFAHZIUFPNSHSL-UHFFFAOYSA-N	InChI=1S/C10H19NO4/c1-5-10(14)15-8(6-9(12)13)7-11(2,3)4/h8H,5-7H2,1-4H3	CCC(=O)OC(CC(=O)[O-])C[N+](C)(C)C	C10H19NO4	pos_1_1proton	217.131408088	Propionylcarnitine	UFAHZIUFPNSHSL	Fatty acids	Fatty esters	Fatty acyl carnitines	http://www.wikidata.org/entity/Q15978631	Homo sapiens	770315.0	['Eukaryota']	['Metazoa']	['Chordata']	['Mammalia']	['Primates']	['Hominidae']	['Unknown']	['Homo']	['Homo sapiens']		['Eukaryota']	['Metazoa']	['Chordata']	['Mammalia']		['Hominidae']		['Homo']	['Homo sapiens']	7	3	8.5	1
44	4	Fatty acids	0.47619047619047616	Tyrosine alkaloids	0.3333333333333333	Phenylethylamines	0.2857142857142857	10.0	0.0	MS1_match	http://www.wikidata.org/entity/Q27139241	MPSPNFAQQQMFLK-UHFFFAOYSA-N	InChI=1S/C16H31NO4/c1-5-6-7-8-9-10-11-16(20)21-14(12-15(18)19)13-17(2,3)4/h14H,5-13H2,1-4H3	CCCCCCCCC(=O)OC(CC(=O)[O-])C[N+](C)(C)C	C16H31NO4	pos_2_2proton1ammonium	301.225308472	Nonanoylcarnitine	MPSPNFAQQQMFLK	Fatty acids	Fatty esters	Fatty acyl carnitines	http://www.wikidata.org/entity/Q15978631	Homo sapiens	770315.0	['Eukaryota']	['Metazoa']	['Chordata']	['Mammalia']	['Primates']	['Hominidae']	['Unknown']	['Homo']	['Homo sapiens']		['Eukaryota']	['Metazoa']	['Chordata']	['Mammalia']		['Hominidae']		['Homo']	['Homo sapiens']	7	1	7.5	1
41	4	Fatty acids	0.47619047619047616	Tyrosine alkaloids	0.3333333333333333	Phenylethylamines	0.2857142857142857	7.0	0.0	MS1_match	http://www.wikidata.org/entity/Q27124351	LVRFTAZAXQPQHI-RXMQYKEDSA-N	InChI=1S/C6H12O3/c1-4(2)3-5(7)6(8)9/h4-5,7H,3H2,1-2H3,(H,8,9)/t5-/m1/s1	CC(C)C[C@@H](O)C(=O)O	C6H12O3	pos_1_1proton1acetonitrile	132.078644244	(R)-2-Hydroxy-4-methylpentanoic acid	LVRFTAZAXQPQHI	Fatty acids	Fatty Acids and Conjugates	Branched fatty acids	http://www.wikidata.org/entity/Q15978631	Homo sapiens	770315.0	['Eukaryota']	['Metazoa']	['Chordata']	['Mammalia']	['Primates']	['Hominidae']	['Unknown']	['Homo']	['Homo sapiens']		['Eukaryota']	['Metazoa']	['Chordata']	['Mammalia']		['Hominidae']		['Homo']	['Homo sapiens']	7	1	7.5	1
41	4	Fatty acids	0.47619047619047616	Tyrosine alkaloids	0.3333333333333333	Phenylethylamines	0.2857142857142857	7.0	0.0	MS1_match	http://www.wikidata.org/entity/Q27102678	IWHLYPDWHHPVAA-UHFFFAOYSA-N	InChI=1S/C6H12O3/c7-5-3-1-2-4-6(8)9/h7H,1-5H2,(H,8,9)	O=C(O)CCCCCO	C6H12O3	pos_1_1proton1acetonitrile	132.078644244	6-Hydroxyhexanoic acid	IWHLYPDWHHPVAA	Fatty acids	Fatty Acids and Conjugates	Hydroxy fatty acids	http://www.wikidata.org/entity/Q15978631	Homo sapiens	770315.0	['Eukaryota']	['Metazoa']	['Chordata']	['Mammalia']	['Primates']	['Hominidae']	['Unknown']	['Homo']	['Homo sapiens']		['Eukaryota']	['Metazoa']	['Chordata']	['Mammalia']		['Hominidae']		['Homo']	['Homo sapiens']	7	1	7.5	1
40	-1							14.0	0.43313426	ISDB	http://www.wikidata.org/entity/Q27162036	DPZNOMCNRMUKPS-UHFFFAOYSA-N	InChI=1S/C8H10O2/c1-9-7-4-3-5-8(6-7)10-2/h3-6H,1-2H3	COc1cccc(OC)c1	C8H10O2		138.06807956	1,3-Dimethoxybenzene	DPZNOMCNRMUKPS				http://www.wikidata.org/entity/Q15978631	Homo sapiens	770315.0	['Eukaryota']	['Metazoa']	['Chordata']	['Mammalia']	['Primates']	['Hominidae']	['Unknown']	['Homo']	['Homo sapiens']		['Eukaryota']	['Metazoa']	['Chordata']	['Mammalia']		['Hominidae']		['Homo']	['Homo sapiens']	7	0	8.732537031173706	1
38	4	Fatty acids	0.47619047619047616	Tyrosine alkaloids	0.3333333333333333	Phenylethylamines	0.2857142857142857	1.0	0.0	MS1_match	http://www.wikidata.org/entity/Q27073962	JHPNVNIEXXLNTR-UHFFFAOYSA-N	InChI=1S/C7H15NO2/c1-8(2,3)6-4-5-7(9)10/h4-6H2,1-3H3	C[N+](C)(C)CCCC(=O)[O-]	C7H15NO2	pos_1_1proton1acetonitrile	145.11027872	4-(Trimethylammonio)butanoate	JHPNVNIEXXLNTR	Fatty acids	Fatty esters	Fatty acyl carnitines	http://www.wikidata.org/entity/Q15978631	Homo sapiens	770315.0	['Eukaryota']	['Metazoa']	['Chordata']	['Mammalia']	['Primates']	['Hominidae']	['Unknown']	['Homo']	['Homo sapiens']		['Eukaryota']	['Metazoa']	['Chordata']	['Mammalia']		['Hominidae']		['Homo']	['Homo sapiens']	7	1	7.5	1
37	22	Fatty acids	0.6666666666666666	Fatty esters	0.6666666666666666	Fatty acyl carnitines	0.6666666666666666	1.0	0.0	MS1_match	http://www.wikidata.org/entity/Q311992	RDHQFKQIGNGIED-MRVPVSSYSA-N	InChI=1S/C9H17NO4/c1-7(11)14-8(5-9(12)13)6-10(2,3)4/h8H,5-6H2,1-4H3/t8-/m1/s1	CC(=O)O[C@H](CC(=O)[O-])C[N+](C)(C)C	C9H17NO4	pos_1_1proton	203.115758024	Acetyl-L-carnitine	RDHQFKQIGNGIED	Fatty acids	Fatty esters	Fatty acyl carnitines	http://www.wikidata.org/entity/Q15978631	Homo sapiens	770315.0	['Eukaryota']	['Metazoa']	['Chordata']	['Mammalia']	['Primates']	['Hominidae']	['Unknown']	['Homo']	['Homo sapiens']		['Eukaryota']	['Metazoa']	['Chordata']	['Mammalia']		['Hominidae']		['Homo']	['Homo sapiens']	7	3	8.5	1
31	1	Shikimates and Phenylpropanoids	0.3333333333333333					1.0	0.0	MS1_match	http://www.wikidata.org/entity/Q5526828	BVJSUAQZOZWCKN-UHFFFAOYSA-N	InChI=1S/C7H8O2/c8-5-6-1-3-7(9)4-2-6/h1-4,8-9H,5H2	OCc1ccc(O)cc1	C7H8O2	pos_1_1proton1ammonium	124.052429496	4-Hydroxybenzyl alcohol	BVJSUAQZOZWCKN	Shikimates and Phenylpropanoids			http://www.wikidata.org/entity/Q15978631	Homo sapiens	770315.0	['Eukaryota']	['Metazoa']	['Chordata']	['Mammalia']	['Primates']	['Hominidae']	['Unknown']	['Homo']	['Homo sapiens']		['Eukaryota']	['Metazoa']	['Chordata']	['Mammalia']		['Hominidae']		['Homo']	['Homo sapiens']	7	1	7.5	1
16	9	Fatty acids	0.18181818181818182	Fatty Acids and Conjugates	0.18181818181818182	Oxo fatty acids	0.18181818181818182	1.0	0.0	MS1_match	http://www.wikidata.org/entity/Q1225282	GJQWCDSAOUMKSE-STHAYSLISA-N	InChI=1S/C6H8O7/c7-1-2(8)3(9)4(10)5(11)6(12)13/h2-3,7-9H,1H2,(H,12,13)/t2-,3+/m0/s1	O=C(O)C(=O)C(=O)[C@H](O)[C@@H](O)CO	C6H8O7	pos_1_1proton1ethylamine	192.027002596	2,3-Diketogulonic acid	GJQWCDSAOUMKSE	Fatty acids	Fatty Acids and Conjugates	Oxo fatty acids	http://www.wikidata.org/entity/Q15978631	Homo sapiens	770315.0	['Eukaryota']	['Metazoa']	['Chordata']	['Mammalia']	['Primates']	['Hominidae']	['Unknown']	['Homo']	['Homo sapiens']		['Eukaryota']	['Metazoa']	['Chordata']	['Mammalia']		['Hominidae']		['Homo']	['Homo sapiens']	7	3	8.5	1
13	9	Fatty acids	0.18181818181818182	Fatty Acids and Conjugates	0.18181818181818182	Oxo fatty acids	0.18181818181818182	1.0	0.0	MS1_match	http://www.wikidata.org/entity/Q1225282	GJQWCDSAOUMKSE-STHAYSLISA-N	InChI=1S/C6H8O7/c7-1-2(8)3(9)4(10)5(11)6(12)13/h2-3,7-9H,1H2,(H,12,13)/t2-,3+/m0/s1	O=C(O)C(=O)C(=O)[C@H](O)[C@@H](O)CO	C6H8O7	pos_1_1proton1ammonium	192.027002596	2,3-Diketogulonic acid	GJQWCDSAOUMKSE	Fatty acids	Fatty Acids and Conjugates	Oxo fatty acids	http://www.wikidata.org/entity/Q15978631	Homo sapiens	770315.0	['Eukaryota']	['Metazoa']	['Chordata']	['Mammalia']	['Primates']	['Hominidae']	['Unknown']	['Homo']	['Homo sapiens']		['Eukaryota']	['Metazoa']	['Chordata']	['Mammalia']		['Hominidae']		['Homo']	['Homo sapiens']	7	3	8.5	1
