SpectrumID	#Scan#	SpectrumFile	LibraryName	MQScore	TIC_Query	RT_Query	MZErrorPPM	SharedPeaks	MassDiff	SpecMZ	SpecCharge	FileScanUniqueID	NumberHits	Compound_Name	Ion_Source	Instrument	Compound_Source	PI	Data_Collector	Adduct	Precursor_MZ	ExactMass	Charge	CAS_Number	Pubmed_ID	Smiles	INCHI	INCHI_AUX	Library_Class	IonMode	Organism	LibMZ	UpdateWorkflowName	LibraryQualityString	tags	molecular_formula	InChIKey	InChIKey-Planar	superclass	class	subclass	npclassifier_superclass	npclassifier_class	npclassifier_pathway	library_usi
CCMSLIB00010113136	120	spectra_filtered.mgf	BERKELEY-LAB.mgf	0.980903	3031200.0	0	1.17598	7	0.000488281	415.212	1	temp/spectra_filtered.mgf120	1	"""1-({[2-(2-furylmethyl)-5-methylpyrrolidinyl]amino}methylene)-7-[8-({[2-(2-fury lmethyl)pyrrolidinyl]amino}methylene)-1,6-dihydroxy-3-methyl-5-(methylethyl)-7 -oxo(2-naphthyl)]-3,8-dihydroxy-6-methyl-4-(methylethyl)naphthalen-2-one CollisionEnergy:102040"""	LC-ESI	Orbitrap	Commercial	Trent Northen	JGI	M+2H]	415.212	0.0	1	N/A	N/A	Cc1cc2c(c(O)c1-c1c(C)cc3c(c1O)C(=CNN1C(C)CCC1Cc1ccco1)C(=O)C(O)=C3C(C)C)C(=CNN1CCCC1Cc1ccco1)C(=O)C(O)=C2C(C)C	"""InChI=1S/C49H56N4O8/c1-25(2)38-34-19-27(5)40(46(56)42(34)36(44(54)48(38)58)23-50-52-16-8-11-30(52)21-32-12-9-17-60-32)41-28(6)20-35-39(26(3)4)49(59)45(55)37(43(35)47(41)57)24-51-53-29(7)14-15-31(53)22-33-13-10-18-61-33/h9-10,12-13,17-20,23-26,29-31,50-51,56-59H,8,11,14-16,21-22H2,1-7H3/b36-23-,37-24-"""	N/A	3	Positive	BERKELEY-LAB	415.212	UPDATE-SINGLE-ANNOTATED-BRONZE	Bronze		C49H56N4O8	OZMHKRBQDGOIDU-UHFFFAOYSA-N	OZMHKRBQDGOIDU	N/A	N/A	N/A				mzspec:GNPS:GNPS-LIBRARY:CCMSLIB00010113136
CCMSLIB00003137793	283	spectra_filtered.mgf	GNPS-NIST14-MATCHES.mgf	0.94979	511542.0	0	2.41197	11	0.00128174	531.408	1	temp/spectra_filtered.mgf283	1	Spectral Match to Didodecyl 3,3'-thiodipropionate oxide from NIST14	ESI	QqQ	Isolated	Data from Pieter Dorrestein	Data deposited by lfnothias	M+H	531.407	0.0	1	17243140	N/A	N/A	N/A	N/A	3	Positive	GNPS-NIST14-MATCHES	531.407	UPDATE-SINGLE-ANNOTATED-BRONZE	Bronze		N/A	N/A	N/A	N/A	N/A	N/A	N/A	N/A	N/A	mzspec:GNPS:GNPS-LIBRARY:CCMSLIB00003137793
CCMSLIB00011427902	231	spectra_filtered.mgf	LEAFBOT.mgf	0.938369	411457.0	0	3.45389	11	0.00128174	371.101	1	temp/spectra_filtered.mgf231	1	CAMPTOTHECIN	ESI	Orbitrap	Commercial	Cech	Vicky Anderson	M+Na	371.1	348.111	1	2114454	N/A	CCC1(C2=C(COC1=O)C(=O)N3CC4=CC5=CC=CC=C5N=C4C3=C2)O	"""InChI=1S/C20H16N2O4/c1-2-20(25)14-8-16-17-12(7-11-5-3-4-6-15(11)21-17)9-22(16)18(23)13(14)10-26-19(20)24/h3-8,25H,2,9-10H2,1H3"""	N/A	1	Positive	LEAFBOT	371.1	UPDATE-SINGLE-ANNOTATED-GOLD	Gold		C20H16N2O4	VSJKWCGYPAHWDS-UHFFFAOYSA-N	VSJKWCGYPAHWDS	N/A	N/A	N/A	Tryptophan alkaloids	Pyrroloquinoline alkaloids	Alkaloids	mzspec:GNPS:GNPS-LIBRARY:CCMSLIB00011427902
CCMSLIB00004702431	93	spectra_filtered.mgf	MONA.mgf	0.92775	429241.0	0	547.54	9	0.124878	228.196	1	temp/spectra_filtered.mgf93	1	MUCIC ACID	N/A	ESI-QFT	isolated	MoNA	MoNA:VF-NPL-QEHF011368	[M+NH4]+	228.071	0.0	1	N/A	N/A	O=C(O)[C@@H](O)[C@H](O)[C@H](O)[C@@H](O)C(=O)O	InChI=1S/C6H10O8/c7-1(3(9)5(11)12)2(8)4(10)6(13)14/h1-4,7-10H,(H,11,12)(H,13,14)/t1-,2+,3+,4-	N/A	3	positive	MONA	228.071	UPDATE-SINGLE-ANNOTATED-BRONZE	Bronze		C6H10O8	DSLZVSRJTYRBFB-DUHBMQHGSA-N	DSLZVSRJTYRBFB	Organic oxygen compounds	Organooxygen compounds	Carbohydrates and carbohydrate conjugates	Fatty Acids and Conjugates	Hydroxy fatty acids	Fatty acids	mzspec:GNPS:GNPS-LIBRARY:CCMSLIB00004702431
CCMSLIB00003138397	68	spectra_filtered.mgf	GNPS-NIST14-MATCHES.mgf	0.925726	368740.0	0	5815.99	7	0.983612	168.138	0	temp/spectra_filtered.mgf68	1	Spectral Match to Jasmine lactone from NIST14	ESI	qTof	Isolated	Data from Gabriel Haddad	Data deposited by mjmeehan	M+H	169.122	168.115	1	25524952	N/A	CC/C=C\CC1CCCC(=O)O1	InChI=1S/C10H16O2/c1-2-3-4-6-9-7-5-8-10(11)12-9/h3-4,9H,2,5-8H2,1H3/b4-3-	N/A	3	Positive	GNPS-NIST14-MATCHES	169.122	UPDATE-SINGLE-ANNOTATED-BRONZE	Bronze		C10H16O2	XPPALVZZCMPTIV-ARJAWSKDSA-N	XPPALVZZCMPTIV	Organoheterocyclic compounds	Lactones	Delta valerolactones	Fatty esters	Lactones	Fatty acids	mzspec:GNPS:GNPS-LIBRARY:CCMSLIB00003138397
CCMSLIB00005435819	249	spectra_filtered.mgf	GNPS-LIBRARY.mgf	0.925683	767277.0	0	3159.38	18	1.97845	628.195	1	temp/spectra_filtered.mgf249	1	Contaminant vial septum ThermoFisher C5000-44B	LC-ESI	Orbitrap	Commercial	Dorrestein	lfnothias	M+NH4	626.217	0.0	0	 	 	 	 	 	3	Positive	GNPS-LIBRARY	626.217	UPDATE-SINGLE-ANNOTATED-BRONZE	Bronze		N/A	N/A	N/A	N/A	N/A	N/A	N/A	N/A	N/A	mzspec:GNPS:GNPS-LIBRARY:CCMSLIB00005435819
CCMSLIB00011427902	200	spectra_filtered.mgf	LEAFBOT.mgf	0.921396	351803.0	0	3.37165	11	0.00125122	371.101	1	temp/spectra_filtered.mgf200	1	CAMPTOTHECIN	ESI	Orbitrap	Commercial	Cech	Vicky Anderson	M+Na	371.1	348.111	1	2114454	N/A	CCC1(C2=C(COC1=O)C(=O)N3CC4=CC5=CC=CC=C5N=C4C3=C2)O	"""InChI=1S/C20H16N2O4/c1-2-20(25)14-8-16-17-12(7-11-5-3-4-6-15(11)21-17)9-22(16)18(23)13(14)10-26-19(20)24/h3-8,25H,2,9-10H2,1H3"""	N/A	1	Positive	LEAFBOT	371.1	UPDATE-SINGLE-ANNOTATED-GOLD	Gold		C20H16N2O4	VSJKWCGYPAHWDS-UHFFFAOYSA-N	VSJKWCGYPAHWDS	N/A	N/A	N/A	Tryptophan alkaloids	Pyrroloquinoline alkaloids	Alkaloids	mzspec:GNPS:GNPS-LIBRARY:CCMSLIB00011427902
CCMSLIB00004692181	107	spectra_filtered.mgf	MONA.mgf	0.913055	151140.0	0	4129.86	6	1.1857	288.29	1	temp/spectra_filtered.mgf107	1	2-[[(2R,3S)-2-(3,4-dihydroxyphenyl)-3,5-dihydroxy-3,4-dihydro-2H-chromen-7-yl]oxy]oxane-3,4,5-triol	N/A	ESI-QFT	isolated	MoNA	MoNA:VF-NPL-QEHF001118	[M+K]+	287.104	0.0	1	N/A	N/A	C=C1C(=O)OC2CC(C)C(CCC(C)=O)=CCC12	InChI=1S/C15H20O3/c1-9-8-14-13(11(3)15(17)18-14)7-6-12(9)5-4-10(2)16/h6,9,13-14H,3-5,7-8H2,1-2H3	N/A	3	positive	MONA	287.104	UPDATE-SINGLE-ANNOTATED-BRONZE	Bronze		C15H20O3	AVFIYMSJDDGDBQ-UHFFFAOYSA-N	AVFIYMSJDDGDBQ	Lipids and lipid-like molecules	Prenol lipids	Terpene lactones	Sesquiterpenoids	Germacrane sesquiterpenoids	Terpenoids	mzspec:GNPS:GNPS-LIBRARY:CCMSLIB00004692181
CCMSLIB00005435820	265	spectra_filtered.mgf	GNPS-LIBRARY.mgf	0.911821	722573.0	0	2825.32	18	1.97839	702.214	1	temp/spectra_filtered.mgf265	1	Contaminant vial septum ThermoFisher C5000-44B	LC-ESI	Orbitrap	Commercial	Dorrestein	lfnothias	M+NH4	700.236	0.0	0	 	 	 	 	 	3	Positive	GNPS-LIBRARY	700.236	UPDATE-SINGLE-ANNOTATED-BRONZE	Bronze		N/A	N/A	N/A	N/A	N/A	N/A	N/A	N/A	N/A	mzspec:GNPS:GNPS-LIBRARY:CCMSLIB00005435820
CCMSLIB00005766726	125	spectra_filtered.mgf	MASSBANK.mgf	0.911605	227651.0	0	1.11045	8	0.000335693	302.305	1	temp/spectra_filtered.mgf125	1	Massbank:LU100204 2,2'-(Tetradecylimino)diethanol|Tetradecyldiethanolamine	ESI	Hybrid FT	Isolated	Massbank	Massbank	M+H	302.305	0.0	1	18924-66-8	N/A	CCCCCCCCCCCCCCN(CCO)CCO	1S/C18H39NO2/c1-2-3-4-5-6-7-8-9-10-11-12-13-14-19(15-17-20)16-18-21/h20-21H,2-18H2,1H3	N/A	3	Positive	MASSBANK	302.305	UPDATE-SINGLE-ANNOTATED-BRONZE	Bronze		C18H39NO2	CPHJEACXPATRSU-UHFFFAOYSA-N	CPHJEACXPATRSU	Organic nitrogen compounds	Organonitrogen compounds	Amines	Fatty acyls|Fatty amides	Fatty alcohols|N-acyl ethanolamines (endocannabinoids)	Fatty acids	mzspec:GNPS:GNPS-LIBRARY:CCMSLIB00005766726
CCMSLIB00003140107	220	spectra_filtered.mgf	GNPS-NIST14-MATCHES.mgf	0.907564	25076500.0	0	3462.45	10	0.980774	282.279	1	temp/spectra_filtered.mgf220	1	Spectral Match to 3-Hydroxyoctadecanoic Acid from NIST14	ESI	HCD	Isolated	Data from Wolfender/Litaudon	Data deposited by pmallard	M+H-H2O	283.26	0.0	1	17773307	N/A	N/A	N/A	N/A	3	Positive	GNPS-NIST14-MATCHES	283.26	UPDATE-SINGLE-ANNOTATED-BRONZE	Bronze		N/A	N/A	N/A	N/A	N/A	N/A	N/A	N/A	N/A	mzspec:GNPS:GNPS-LIBRARY:CCMSLIB00003140107
CCMSLIB00013641540	258	spectra_filtered.mgf	3-HYDROXY-ACYL-AMIDES-LIBRARY.mgf	0.903741	435026.0	0	330.051	9	0.111633	338.342	1	temp/spectra_filtered.mgf258	1	3-hydroxylauroyl valine [M+Na]+	LC-ESI	Orbitrap	Crude	Pieter Dorrestein	victoriadeleray	[M+Na]+	338.23	315.241	1	N/A	N/A	CCCCCCCCCC(O)CC(=O)N[C@H](C(=O)O)C(C)C	"""InChI=1S/C17H33NO4/c1-4-5-6-7-8-9-10-11-14(19)12-15(20)18-16(13(2)3)17(21)22/h13-14,16,19H,4-12H2,1-3H3,(H,18,20)(H,21,22)/t14?,16-/m0/s1"""	"""InChI=1S/C17H33NO4/c1-4-5-6-7-8-9-10-11-14(19)12-15(20)18-16(13(2)3)17(21)22/h13-14,16,19H,4-12H2,1-3H3,(H,18,20)(H,21,22)/t14?,16-/m0/s1 [M+Na]+"""	1	Positive	3-HYDROXY-ACYL-AMIDES-LIBRARY	338.23	UPDATE-SINGLE-ANNOTATED-GOLD	Gold		C17H33NO4	QHSBSOPZFWMHEX-WMCAAGNKSA-N	QHSBSOPZFWMHEX	N/A	N/A	N/A	Fatty amides	N-acyl amines	Fatty acids	mzspec:GNPS:GNPS-LIBRARY:CCMSLIB00013641540
CCMSLIB00005884452	247	spectra_filtered.mgf	GNPS-LIBRARY.mgf	0.899004	1194390.0	0	4302.7	7	0.792114	184.889	0	temp/spectra_filtered.mgf247	1	DL-NORMETANEPHRINE - 50.0 eV	ESI	Orbitrap	Isolated	Madeleine Ernst	Anna Abrahamsson	M+H	184.097	0.0	1	1011-74-1	N/A	COC1=CC(=CC=C1O)C(O)CN	InChI=1S/C9H13NO3/c1-13-9-4-6(8(12)5-10)2-3-7(9)11/h2-4,8,11-12H,5,10H2,1H3	N/A	1	Positive	GNPS-LIBRARY	184.097	UPDATE-SINGLE-ANNOTATED-GOLD	Gold		C9H13NO3	YNYAYWLBAHXHLL-UHFFFAOYSA-N	YNYAYWLBAHXHLL	Benzenoids	Phenols	Methoxyphenols	Tyrosine alkaloids	Phenylethylamines	Alkaloids	mzspec:GNPS:GNPS-LIBRARY:CCMSLIB00005884452
CCMSLIB00003136157	184	spectra_filtered.mgf	GNPS-NIST14-MATCHES.mgf	0.896289	1265600.0	0	3855.83	9	0.984131	254.248	1	temp/spectra_filtered.mgf184	1	Spectral Match to Palmitelaidic acid from NIST14	ESI	qTof	Isolated	Data from Wolfender/Litaudon	Data deposited by pmallard	M+H	255.232	254.225	1	10030736	N/A	CCCCCC/C=C/CCCCCCCC(=O)O	InChI=1S/C16H30O2/c1-2-3-4-5-6-7-8-9-10-11-12-13-14-15-16(17)18/h7-8H,2-6,9-15H2,1H3,(H,17,18)/b8-7+	N/A	3	Positive	GNPS-NIST14-MATCHES	255.232	UPDATE-SINGLE-ANNOTATED-BRONZE	Bronze		C16H30O2	SECPZKHBENQXJG-BQYQJAHWSA-N	SECPZKHBENQXJG	Lipids and lipid-like molecules	Fatty Acyls	Fatty acids and conjugates	Fatty Acids and Conjugates	Unsaturated fatty acids	Fatty acids	mzspec:GNPS:GNPS-LIBRARY:CCMSLIB00003136157
CCMSLIB00011906249	252	spectra_filtered.mgf	TUEBINGEN-NATURAL-PRODUCT-COLLECTION.mgf	0.895405	1274940.0	0	1036.9	7	0.19191	184.889	0	temp/spectra_filtered.mgf252	1	Asperlactone	ESI	Orbitrap	Isolated	Daniel Petras	"""Giovanni Andrea Vitale, Christian Geibel"""	M+H	185.081	184.074	1	N/A	N/A	CC1C(O1)C2=CC(OC2=O)C(C)O	InChI=1S/C9H12O4/c1-4(10)7-3-6(9(11)13-7)8-5(2)12-8/h3-5,7-8,10H,1-2H3	N/A	1	Positive	TUEBINGEN-NATURAL-PRODUCT-COLLECTION	185.081	UPDATE-SINGLE-ANNOTATED-GOLD	Gold		C9H12O4	VMLNPJDEXLLCQG-UHFFFAOYSA-N	VMLNPJDEXLLCQG	Organoheterocyclic compounds	Dihydrofurans	Furanones	Cyclic polyketides		Polyketides	mzspec:GNPS:GNPS-LIBRARY:CCMSLIB00011906249
CCMSLIB00005436264	290	spectra_filtered.mgf	GNPS-LIBRARY.mgf	0.880148	3646880.0	0	2.04906	12	0.00109863	536.166	1	temp/spectra_filtered.mgf290	1	Contaminants septum vial Thermo C4000-53 and C4000-54 serie	LC-ESI	Orbitrap	Crude	Dorrestein	lfnothias	M+H	536.165	0.0	0	 	 	 	 	 	3	Positive	GNPS-LIBRARY	536.165	UPDATE-SINGLE-ANNOTATED-BRONZE	Bronze		N/A	N/A	N/A	N/A	N/A	N/A	N/A	N/A	N/A	mzspec:GNPS:GNPS-LIBRARY:CCMSLIB00005436264
CCMSLIB00003139560	100	spectra_filtered.mgf	GNPS-NIST14-MATCHES.mgf	0.877628	556093.0	0	1.72362	6	0.000305176	177.055	0	temp/spectra_filtered.mgf100	1	Spectral Match to Diethyl phthalate from NIST14	ESI	QqQ	Isolated	Data from Maria Maansson	Data deposited by marjo	M+H-C2H6O	177.055	0.0	1	84662	N/A	N/A	N/A	N/A	3	Positive	GNPS-NIST14-MATCHES	177.055	UPDATE-SINGLE-ANNOTATED-BRONZE	Bronze		N/A	N/A	N/A	N/A	N/A	N/A	N/A	N/A	N/A	mzspec:GNPS:GNPS-LIBRARY:CCMSLIB00003139560
CCMSLIB00003135404	191	spectra_filtered.mgf	GNPS-NIST14-MATCHES.mgf	0.876534	180235.0	0	7461.74	6	1.97897	263.237	1	temp/spectra_filtered.mgf191	1	Spectral Match to 12(S)-Hydroxy-16-heptadecynoic acid from NIST14	ESI	qTof	Isolated	Data from Wolfender/Litaudon	Data deposited by pmallard	M+H-H2O	265.216	282.22	1	148019743	N/A	C#CCCC[C@H](CCCCCCCCCCC(=O)O)O	InChI=1S/C17H30O3/c1-2-3-10-13-16(18)14-11-8-6-4-5-7-9-12-15-17(19)20/h1,16,18H,3-15H2,(H,19,20)/t16-/m1/s1	N/A	3	Positive	GNPS-NIST14-MATCHES	265.216	UPDATE-SINGLE-ANNOTATED-BRONZE	Bronze		CH4	HBFCVDJQUPEEIC-MRXNPFEDSA-N	HBFCVDJQUPEEIC	Lipids and lipid-like molecules	Fatty Acyls	Fatty acids and conjugates				mzspec:GNPS:GNPS-LIBRARY:CCMSLIB00003135404
CCMSLIB00000565916	218	spectra_filtered.mgf	MONA.mgf	0.873465	194559.0	0	980.393	10	0.242157	247.242	1	temp/spectra_filtered.mgf218	1	MoNA:2479447 O-Galactosylsphingosine	LC-ESI-IT	LC-ESI-IT	isolated	MoNA	MoNA	[M+H]+	247.0	0.0	1	N/A	N/A	CCCCCCCCCCCCC/C=C/[C@@H](O)[C@@H](N)CO[C@@H]1O[C@H](CO)[C@H](O)[C@H](O)[C@H]1O	InChI=1S/C24H47NO7/c1-2-3-4-5-6-7-8-9-10-11-12-13-14-15-19(27)18(25)17-31-24-23(30)22(29)21(28)20(16-26)32-24/h14-15,18-24,26-30H,2-13,16-17,25H2,1H3/b15-14+/t18-,19+,20+,21-,22-,23+,24+/m0/s1	N/A	3		MONA	247.0	UPDATE-SINGLE-ANNOTATED-BRONZE	Bronze		C24H47NO7	HHJTWTPUPVQKNA-PIIMIWFASA-N	HHJTWTPUPVQKNA	Lipids and lipid-like molecules	Sphingolipids	Glycosphingolipids	Sphingolipids	Neutral glycosphingolipids|Sphingoid bases	Fatty acids	mzspec:GNPS:GNPS-LIBRARY:CCMSLIB00000565916
CCMSLIB00003135294	54	spectra_filtered.mgf	GNPS-NIST14-MATCHES.mgf	0.860579	5552100.0	0	5747.56	7	0.983414	170.118	1	temp/spectra_filtered.mgf54	1	Spectral Match to Azelaic acid from NIST14	ESI	qTof	Isolated	Data from Christopher A. Lowry	Data deposited by fevargas	M+H-H2O	171.101	188.105	1	123999	N/A	C(CCCC(=O)O)CCCC(=O)O	InChI=1S/C9H16O4/c10-8(11)6-4-2-1-3-5-7-9(12)13/h1-7H2,(H,10,11)(H,12,13)	N/A	3	Positive	GNPS-NIST14-MATCHES	171.101	UPDATE-SINGLE-ANNOTATED-BRONZE	Bronze		C9H16O4	BDJRBEYXGGNYIS-UHFFFAOYSA-N	BDJRBEYXGGNYIS	Lipids and lipid-like molecules	Fatty Acyls	Fatty acids and conjugates	Fatty Acids and Conjugates	Dicarboxylic acids	Fatty acids	mzspec:GNPS:GNPS-LIBRARY:CCMSLIB00003135294
CCMSLIB00010107223	52	spectra_filtered.mgf	BERKELEY-LAB.mgf	0.860559	1045680.0	0	5202.34	8	0.983826	188.128	1	temp/spectra_filtered.mgf52	1	azelaic acid CollisionEnergy:102040	LC-ESI	Orbitrap	Commercial	Trent Northen	JGI	M+H	189.112	0.0	1	N/A	N/A	O=C(O)CCCCCCCC(=O)O	"""InChI=1S/C9H16O4/c10-8(11)6-4-2-1-3-5-7-9(12)13/h1-7H2,(H,10,11)(H,12,13)"""	N/A	3	Positive	BERKELEY-LAB	189.112	UPDATE-SINGLE-ANNOTATED-BRONZE	Bronze		C9H16O4	BDJRBEYXGGNYIS-UHFFFAOYSA-N	BDJRBEYXGGNYIS	Lipids and lipid-like molecules	Fatty Acyls	Fatty acids and conjugates	Fatty Acids and Conjugates	Dicarboxylic acids	Fatty acids	mzspec:GNPS:GNPS-LIBRARY:CCMSLIB00010107223
CCMSLIB00003136849	224	spectra_filtered.mgf	GNPS-NIST14-MATCHES.mgf	0.859154	1064500.0	0	0.75678	9	0.000213623	282.279	1	temp/spectra_filtered.mgf224	1	Spectral Match to 9-Octadecenamide, (Z)- from NIST14	ESI	QQQ	Isolated	Data from Wolfender/Litaudon	Data deposited by pmallard	M+H	282.279	281.272	1	301020	N/A	CCCCCCCC/C=C\CCCCCCCC(=O)N	InChI=1S/C18H35NO/c1-2-3-4-5-6-7-8-9-10-11-12-13-14-15-16-17-18(19)20/h9-10H,2-8,11-17H2,1H3,(H2,19,20)/b10-9-	N/A	3	Positive	GNPS-NIST14-MATCHES	282.279	UPDATE-SINGLE-ANNOTATED-BRONZE	Bronze		C18H35NO	FATBGEAMYMYZAF-KTKRTIGZSA-N	FATBGEAMYMYZAF	Lipids and lipid-like molecules	Fatty Acyls	Fatty amides	Fatty amides	Primary amides	Fatty acids	mzspec:GNPS:GNPS-LIBRARY:CCMSLIB00003136849
CCMSLIB00003137155	81	spectra_filtered.mgf	GNPS-NIST14-MATCHES.mgf	0.854555	432113.0	0	4618.32	7	0.98439	212.165	1	temp/spectra_filtered.mgf81	1	Spectral Match to Dodecanedioic acid from NIST14	ESI	Q-TOF	Isolated	Data from Gabriel Haddad	Data deposited by mjmeehan	M+H-H2O	213.149	0.0	1	693232	N/A	N/A	N/A	N/A	3	Positive	GNPS-NIST14-MATCHES	213.149	UPDATE-SINGLE-ANNOTATED-BRONZE	Bronze		N/A	N/A	N/A	N/A	N/A	N/A	N/A	N/A	N/A	mzspec:GNPS:GNPS-LIBRARY:CCMSLIB00003137155
CCMSLIB00012323394	129	spectra_filtered.mgf	MSNLIB-POSITIVE.mgf	0.850568	63234.8	0	0.28943	6	9.15527e-05	316.321	1	temp/spectra_filtered.mgf129	1	NONADECANOIC ACID	ESI	Orbitrap	Crude	Tomas Pluskal	Corinna Brungs	[M+NH4]+	316.321	298.287	1	N/A	N/A	CCCCCCCCCCCCCCCCCCC(=O)O	InChI=1S/C19H38O2/c1-2-3-4-5-6-7-8-9-10-11-12-13-14-15-16-17-18-19(20)21/h2-18H2,1H3,(H,20,21)	ISYWECDDZWTKFF-UHFFFAOYSA-N	1	Positive	MSNLIB-POSITIVE	316.321	UPDATE-SINGLE-ANNOTATED-GOLD	Gold		C19H38O2	ISYWECDDZWTKFF-UHFFFAOYSA-N	ISYWECDDZWTKFF	Lipids and lipid-like molecules	Fatty Acyls	Fatty acids and conjugates	Fatty Acids and Conjugates	Unsaturated fatty acids	Fatty acids	mzspec:GNPS:GNPS-LIBRARY:CCMSLIB00012323394
CCMSLIB00003140197	7	spectra_filtered.mgf	GNPS-NIST14-MATCHES.mgf	0.849856	949781.0	0	4.14806	9	0.000991821	239.106	1	temp/spectra_filtered.mgf7	1	Spectral Match to 4-(2-Hydroxyethyl)piperazine-1-ethanesulfonic acid from NIST14	ESI	IT/ion trap	Isolated	Data from Luan	Data deposited by rsilva	M+H	239.105	0.0	1	7365459	N/A	N/A	N/A	N/A	3	Positive	GNPS-NIST14-MATCHES	239.105	UPDATE-SINGLE-ANNOTATED-BRONZE	Bronze		N/A	N/A	N/A	N/A	N/A	N/A	N/A	N/A	N/A	mzspec:GNPS:GNPS-LIBRARY:CCMSLIB00003140197
CCMSLIB00012766668	138	spectra_filtered.mgf	MSNLIB-POSITIVE.mgf	0.840717	166605.0	0	477.203	6	0.157562	330.337	1	temp/spectra_filtered.mgf138	1	Z1517722710	ESI	Orbitrap	Commercial	Tomas Pluskal	Corinna Brungs	[M+Na]+	330.179	307.19	1	N/A	N/A	COCC(C)(C)C(=O)N1CCCC(c2noc(C3CC3)n2)C1	InChI=1S/C16H25N3O3/c1-16(2,10-21-3)15(20)19-8-4-5-12(9-19)13-17-14(22-18-13)11-6-7-11/h11-12H,4-10H2,1-3H3	MPZBFDVMBBZVTD-UHFFFAOYSA-N	1	Positive	MSNLIB-POSITIVE	330.179	UPDATE-SINGLE-ANNOTATED-GOLD	Gold		C16H25N3O3	MPZBFDVMBBZVTD-UHFFFAOYSA-N	MPZBFDVMBBZVTD	Organoheterocyclic compounds	Piperidines	N-acylpiperidines	Pseudoalkaloids		Alkaloids	mzspec:GNPS:GNPS-LIBRARY:CCMSLIB00012766668
CCMSLIB00003137784	219	spectra_filtered.mgf	GNPS-NIST14-MATCHES.mgf	0.820041	169220.0	0	0.866435	9	0.000488281	563.552	1	temp/spectra_filtered.mgf219	1	Spectral Match to 9-Octadecenamide, (Z)- from NIST14	ESI	QqQ	Isolated	Data from Pieter Dorrestein	Data deposited by daniel	2M+H	563.552	0.0	1	301020	N/A	N/A	N/A	N/A	3	Positive	GNPS-NIST14-MATCHES	563.552	UPDATE-SINGLE-ANNOTATED-BRONZE	Bronze		N/A	N/A	N/A	N/A	N/A	N/A	N/A	N/A	N/A	mzspec:GNPS:GNPS-LIBRARY:CCMSLIB00003137784
CCMSLIB00005435824	277	spectra_filtered.mgf	GNPS-LIBRARY.mgf	0.816041	454292.0	0	0.943558	13	0.000732422	776.233	1	temp/spectra_filtered.mgf277	1	Contaminant vial septum ThermoFisher C5000-44B	LC-ESI	Orbitrap	Commercial	Dorrestein	 	M+NH4	776.234	0.0	0	 	 	 	 	 	3	Positive	GNPS-LIBRARY	776.234	UPDATE-SINGLE-ANNOTATED-BRONZE	Bronze		N/A	N/A	N/A	N/A	N/A	N/A	N/A	N/A	N/A	mzspec:GNPS:GNPS-LIBRARY:CCMSLIB00005435824
CCMSLIB00003138265	83	spectra_filtered.mgf	GNPS-NIST14-MATCHES.mgf	0.815279	395340.0	0	4330.9	8	0.983826	226.18	1	temp/spectra_filtered.mgf83	1	Spectral Match to 1,11-Undecanedicarboxylic acid from NIST14	ESI	HCD	Isolated	Data from System Wide MS course 	Data deposited by daniel	M+H-H2O	227.164	0.0	1	505522	N/A	N/A	N/A	N/A	3	Positive	GNPS-NIST14-MATCHES	227.164	UPDATE-SINGLE-ANNOTATED-BRONZE	Bronze		N/A	N/A	N/A	N/A	N/A	N/A	N/A	N/A	N/A	mzspec:GNPS:GNPS-LIBRARY:CCMSLIB00003138265
CCMSLIB00003135379	239	spectra_filtered.mgf	GNPS-NIST14-MATCHES.mgf	0.810892	151001.0	0	3041.39	9	0.946655	310.31	1	temp/spectra_filtered.mgf239	1	Spectral Match to Monopalmitolein (9c) from NIST14	ESI	HCD	Isolated	Data from Aaron Puri	Data deposited by daniel	M+H-H2O	311.257	0.0	1	37515610	N/A	N/A	N/A	N/A	3	Positive	GNPS-NIST14-MATCHES	311.257	UPDATE-SINGLE-ANNOTATED-BRONZE	Bronze		N/A	N/A	N/A	N/A	N/A	N/A	N/A	N/A	N/A	mzspec:GNPS:GNPS-LIBRARY:CCMSLIB00003135379
CCMSLIB00010135637	121	spectra_filtered.mgf	MCE-DRUG.mgf	0.810621	189109.0	0	168.432	6	0.0728149	432.238	1	temp/spectra_filtered.mgf121	1	Glycoursodeoxycholic acid (Chimeric precursor selection)	ESI	Orbitrap	Crude	Tomas Pluskal	Corinna Brungs	M+H	432.311	449.314	1	N/A	N/A	C[C@H](CCC(=O)NCC(=O)O)[C@H]1CC[C@H]2[C@@H]3[C@@H](O)C[C@@H]4C[C@H](O)CC[C@]4(C)[C@H]3CC[C@]12C	"""InChI=1S/C26H43NO5/c1-15(4-7-22(30)27-14-23(31)32)18-5-6-19-24-20(9-11-26(18,19)3)25(2)10-8-17(28)12-16(25)13-21(24)29/h15-21,24,28-29H,4-14H2,1-3H3,(H,27,30)(H,31,32)/t15-,16+,17-,18-,19+,20+,21+,24+,25+,26-/m1/s1"""	GHCZAUBVMUEKKP-XROMFQGDSA-N	3	Positive	MCE-DRUG	432.311	UPDATE-SINGLE-ANNOTATED-BRONZE	Bronze		C26H43NO5	GHCZAUBVMUEKKP-XROMFQGDSA-N	GHCZAUBVMUEKKP	Lipids and lipid-like molecules	Steroids and steroid derivatives	Bile acids, alcohols and derivatives	Steroids	Cholane steroids	Terpenoids	mzspec:GNPS:GNPS-LIBRARY:CCMSLIB00010135637
CCMSLIB00011427902	174	spectra_filtered.mgf	LEAFBOT.mgf	0.806032	162838.0	0	3.45389	6	0.00128174	371.101	1	temp/spectra_filtered.mgf174	1	CAMPTOTHECIN	ESI	Orbitrap	Commercial	Cech	Vicky Anderson	M+Na	371.1	348.111	1	2114454	N/A	CCC1(C2=C(COC1=O)C(=O)N3CC4=CC5=CC=CC=C5N=C4C3=C2)O	"""InChI=1S/C20H16N2O4/c1-2-20(25)14-8-16-17-12(7-11-5-3-4-6-15(11)21-17)9-22(16)18(23)13(14)10-26-19(20)24/h3-8,25H,2,9-10H2,1H3"""	N/A	1	Positive	LEAFBOT	371.1	UPDATE-SINGLE-ANNOTATED-GOLD	Gold		C20H16N2O4	VSJKWCGYPAHWDS-UHFFFAOYSA-N	VSJKWCGYPAHWDS	N/A	N/A	N/A	Tryptophan alkaloids	Pyrroloquinoline alkaloids	Alkaloids	mzspec:GNPS:GNPS-LIBRARY:CCMSLIB00011427902
CCMSLIB00003140107	221	spectra_filtered.mgf	GNPS-NIST14-MATCHES.mgf	0.80385	94455.0	0	78.4325	8	0.0222168	283.282	1	temp/spectra_filtered.mgf221	1	Spectral Match to 3-Hydroxyoctadecanoic Acid from NIST14	ESI	HCD	Isolated	Data from Wolfender/Litaudon	Data deposited by pmallard	M+H-H2O	283.26	0.0	1	17773307	N/A	N/A	N/A	N/A	3	Positive	GNPS-NIST14-MATCHES	283.26	UPDATE-SINGLE-ANNOTATED-BRONZE	Bronze		N/A	N/A	N/A	N/A	N/A	N/A	N/A	N/A	N/A	mzspec:GNPS:GNPS-LIBRARY:CCMSLIB00003140107
CCMSLIB00006673889	96	spectra_filtered.mgf	GNPS-NUTRI-METAB-FEM-POS.mgf	0.801361	183200.0	0	8.13301	7	0.0020752	255.159	0	temp/spectra_filtered.mgf96	1	acetic_acid_isobutyl_ester	ESI	Orbitrap	Commercial	Ulaszewska	Marynka Ulaszewska	2M+Na	255.157	116.084	1	110-19-0	8038.0	CC(C)COC(=O)C	InChI=1S/C6H12O2/c1-5(2)4-8-6(3)7/h5H,4H2,1-3H3	N/A	1	Positive	GNPS-NUTRI-METAB-FEM-POS	255.157	UPDATE-SINGLE-ANNOTATED-GOLD	Gold		C6H12O2	GJRQTCIYDGXPES-UHFFFAOYSA-N	GJRQTCIYDGXPES	Organic acids and derivatives	Carboxylic acids and derivatives	Carboxylic acid derivatives	Fatty esters	Wax monoesters	Fatty acids	mzspec:GNPS:GNPS-LIBRARY:CCMSLIB00006673889
CCMSLIB00004692893	110	spectra_filtered.mgf	MONA.mgf	0.798798	107803.0	0	2944.3	6	0.851318	288.29	1	temp/spectra_filtered.mgf110	1	(4aR,5S)-9,9a-dihydroxy-3,4a,5-trimethyl-5,6,7,8,8a,9-hexahydro-4H-benzo[f][1]benzofuran-2-one	N/A	ESI-QFT	isolated	MoNA	MoNA:VF-NPL-QEHF001830	[M+Na]+	289.141	0.0	1	N/A	N/A	CC1=C2C[C@@]3(C)C(CCC[C@@H]3C)C(O)C2(O)OC1=O	InChI=1S/C15H22O4/c1-8-5-4-6-10-12(16)15(18)11(7-14(8,10)3)9(2)13(17)19-15/h8,10,12,16,18H,4-7H2,1-3H3/t8-,10?,12?,14+,15?/m0/s1	N/A	3	positive	MONA	289.141	UPDATE-SINGLE-ANNOTATED-BRONZE	Bronze		C15H22O4	WVFNARDJAJTRAI-ZRGNYTFBSA-N	WVFNARDJAJTRAI	Lipids and lipid-like molecules	Prenol lipids	Terpene lactones	Sesquiterpenoids	Eremophilane sesquiterpenoids	Terpenoids	mzspec:GNPS:GNPS-LIBRARY:CCMSLIB00004692893
CCMSLIB00004701792	201	spectra_filtered.mgf	MONA.mgf	0.795107	323080.0	0	4439.44	10	1.98489	445.12	1	temp/spectra_filtered.mgf201	1	(1S,3R,6R,7S,8S,10R,13S,16S,17R)-8-tert-butyl-6,17-dihydroxy-16-methyl-2,4,14,19-tetraoxahexacyclo[8.7.2.0ą,ąą.0ł,?.0?,ąą.0ął,ą?]nonadecane-5,15,18-trione	N/A	ESI-QFT	isolated	MoNA	MoNA:VF-NPL-QEHF010729	[M+K]+	447.105	0.0	1	N/A	N/A	C[C@@H]1C(=O)O[C@H]2CC34[C@H]5C[C@@H](C(C)(C)C)[C@]36[C@@H](OC(=O)[C@@H]6O)O[C@]4(C(=O)O5)[C@]21O	InChI=1S/C20H24O9/c1-7-12(22)26-10-6-17-9-5-8(16(2,3)4)18(17)11(21)13(23)28-15(18)29-20(17,14(24)27-9)19(7,10)25/h7-11,15,21,25H,5-6H2,1-4H3/t7-,8+,9-,10+,11+,15+,17?,18+,19-,20+/m1/s1	N/A	3	positive	MONA	447.105	UPDATE-SINGLE-ANNOTATED-BRONZE	Bronze		C20H24O9	FPUXKXIZEIDQKW-ARBRPXJKSA-N	FPUXKXIZEIDQKW	Lipids and lipid-like molecules	Prenol lipids	Terpene lactones	Sesquiterpenoids	Prezizaane sesquiterpenoids	Terpenoids	mzspec:GNPS:GNPS-LIBRARY:CCMSLIB00004701792
CCMSLIB00006678942	41	spectra_filtered.mgf	MONA.mgf	0.794895	555784.0	0	5616.34	6	0.983398	174.113	1	temp/spectra_filtered.mgf41	1	SUBERIC ACID	ESI	Orbitrap	isolated	MoNA	MoNA:MoNA037676	M+H	175.096	0.0	1	N/A	N/A	C(CCCC(=O)O)CCC(=O)O	"""InChI=1S/C8H14O4/c9-7(10)5-3-1-2-4-6-8(11)12/h1-6H2,(H,9,10)(H,11,12)"""	N/A	3	positive	MONA	175.096	UPDATE-SINGLE-ANNOTATED-BRONZE	Bronze		C8H14O4	TYFQFVWCELRYAO-UHFFFAOYSA-N	TYFQFVWCELRYAO	Lipids and lipid-like molecules	Fatty Acyls	Fatty acids and conjugates	Fatty Acids and Conjugates	Dicarboxylic acids	Fatty acids	mzspec:GNPS:GNPS-LIBRARY:CCMSLIB00006678942
CCMSLIB00012885037	43	spectra_filtered.mgf	MSNLIB-POSITIVE.mgf	0.79308	2200250.0	0	6584.12	6	1.02107	156.102	1	temp/spectra_filtered.mgf43	1	1-Ethyl-3-methyl-1H-pyrazole-4-carboxylic acid	ESI	Orbitrap	Commercial	Tomas Pluskal	Corinna Brungs	[M+H]+	155.081	154.074	1	N/A	N/A	CCn1cc(C(=O)O)c(C)n1	InChI=1S/C7H10N2O2/c1-3-9-4-6(7(10)11)5(2)8-9/h4H,3H2,1-2H3,(H,10,11)	DTJLXXLXQPOQBZ-UHFFFAOYSA-N	1	Positive	MSNLIB-POSITIVE	155.081	UPDATE-SINGLE-ANNOTATED-GOLD	Gold		C7H10N2O2	DTJLXXLXQPOQBZ-UHFFFAOYSA-N	DTJLXXLXQPOQBZ	Organoheterocyclic compounds	Azoles	Pyrazoles			Alkaloids	mzspec:GNPS:GNPS-LIBRARY:CCMSLIB00012885037
CCMSLIB00005722214	155	spectra_filtered.mgf	GNPS-NIH-NATURALPRODUCTSLIBRARY_ROUND2_POSITIVE.mgf	0.790055	337182.0	0	3312.4	12	0.984589	296.258	1	temp/spectra_filtered.mgf155	1	NCGC00381425-01!8-hydroxy-8-(3-octyloxiran-2-yl)octanoic acid [IIN-based on: CCMSLIB00000846585]	LC-ESI	Orbitrap	Commercial	Pieter Dorrestein	lfnothias/robinschmid	[M-H2O+H]+	297.243	314.246	1	N/A	N/A	CCCCCCCCC1OC1C(O)CCCCCCC(O)=O	InChI=1S/C18H34O4/c1-2-3-4-5-6-10-13-16-18(22-16)15(19)12-9-7-8-11-14-17(20)21/h15-16,18-19H,2-14H2,1H3,(H,20,21)	N/A	3	Positive	GNPS-NIH-NATURALPRODUCTSLIBRARY_ROUND2_POSITIVE	297.243	UPDATE-SINGLE-ANNOTATED-BRONZE	Bronze		C18H34O4	GQEOLYBERRZZCE-UHFFFAOYSA-N	GQEOLYBERRZZCE	Lipids and lipid-like molecules	Fatty Acyls	Lineolic acids and derivatives	Octadecanoids	Other Octadecanoids	Fatty acids	mzspec:GNPS:GNPS-LIBRARY:CCMSLIB00005722214
CCMSLIB00010107223	38	spectra_filtered.mgf	BERKELEY-LAB.mgf	0.779777	624870.0	0	10406.1	7	1.96793	187.144	1	temp/spectra_filtered.mgf38	1	azelaic acid CollisionEnergy:102040	LC-ESI	Orbitrap	Commercial	Trent Northen	JGI	M+H	189.112	0.0	1	N/A	N/A	O=C(O)CCCCCCCC(=O)O	"""InChI=1S/C9H16O4/c10-8(11)6-4-2-1-3-5-7-9(12)13/h1-7H2,(H,10,11)(H,12,13)"""	N/A	3	Positive	BERKELEY-LAB	189.112	UPDATE-SINGLE-ANNOTATED-BRONZE	Bronze		C9H16O4	BDJRBEYXGGNYIS-UHFFFAOYSA-N	BDJRBEYXGGNYIS	Lipids and lipid-like molecules	Fatty Acyls	Fatty acids and conjugates	Fatty Acids and Conjugates	Dicarboxylic acids	Fatty acids	mzspec:GNPS:GNPS-LIBRARY:CCMSLIB00010107223
CCMSLIB00004698915	273	spectra_filtered.mgf	MONA.mgf	0.773311	496709.0	0	1416.46	13	0.97052	684.203	1	temp/spectra_filtered.mgf273	1	7-[(2S,3R,4S,5S,6R)-4,5-dihydroxy-3-[(2R,3R,4R,5R,6S)-3,4,5-trihydroxy-6-methyloxan-2-yl]oxy-6-[[(2R,3R,4R,5R,6S)-3,4,5-trihydroxy-6-methyloxan-2-yl]oxymethyl]oxan-2-yl]oxy-6-methoxychromen-2-one	N/A	ESI-QFT	isolated	MoNA	MoNA:VF-NPL-QEHF007852	[M+K]+	685.174	0.0	1	N/A	N/A	COc1cc2ccc(=O)oc2cc1O[C@@H]1O[C@H](CO[C@@H]2O[C@@H](C)[C@H](O)[C@@H](O)[C@H]2O)[C@@H](O)[C@H](O)[C@H]1O[C@@H]1O[C@@H](C)[C@H](O)[C@@H](O)[C@H]1O	InChI=1S/C28H38O17/c1-9-17(30)20(33)23(36)26(40-9)39-8-15-19(32)22(35)25(45-27-24(37)21(34)18(31)10(2)41-27)28(44-15)43-14-7-12-11(6-13(14)38-3)4-5-16(29)42-12/h4-7,9-10,15,17-28,30-37H,8H2,1-3H3/t9-,10-,15+,17-,18-,19+,20+,21+,22-,23+,24+,25+,26+,27-,28+/m0/s1	N/A	3	positive	MONA	685.174	UPDATE-SINGLE-ANNOTATED-BRONZE	Bronze		C28H38O17	LLQBCHODNVGKSF-RVXDDWIJSA-N	LLQBCHODNVGKSF	Organic oxygen compounds	Organooxygen compounds	Carbohydrates and carbohydrate conjugates	Coumarins	Simple coumarins	Shikimates and Phenylpropanoids	mzspec:GNPS:GNPS-LIBRARY:CCMSLIB00004698915
CCMSLIB00000567923	175	spectra_filtered.mgf	MONA.mgf	0.771019	277427.0	0	3496.67	9	0.983429	280.264	1	temp/spectra_filtered.mgf175	1	MoNA:790553 Linoleic acid	LC-ESI-QFT	LC-ESI-QFT	isolated	MoNA	MoNA	[M+H]+	281.247	0.0	1	N/A	N/A	CCCCC/C=C\C/C=C\CCCCCCCC(=O)O	InChI=1/C18H32O2/c1-2-3-4-5-6-7-8-9-10-11-12-13-14-15-16-17-18(19)20/h6-7,9-10H,2-5,8,11-17H2,1H3,(H,19,20)/b7-6-,10-9-/f/h19H	N/A	3		MONA	281.247	UPDATE-SINGLE-ANNOTATED-BRONZE	Bronze		C18H32O2	OYHQOLUKZRVURQ-HZJYTTRNSA-N	OYHQOLUKZRVURQ	Lipids and lipid-like molecules	Fatty Acyls	Lineolic acids and derivatives	Fatty Acids and Conjugates	Unsaturated fatty acids	Fatty acids	mzspec:GNPS:GNPS-LIBRARY:CCMSLIB00000567923
CCMSLIB00006581640	192	spectra_filtered.mgf	GNPS-SCIEX-LIBRARY.mgf	0.765436	912000.0	0	3496.67	13	0.983429	280.264	1	temp/spectra_filtered.mgf192	1	linoleic acid	LC-ESI	qTof	Commercial	Michael Witting	Michael Witting	[M+H]+	281.247	280.24	1	N/A	N/A	CCCCC\C=C/C\C=C/CCCCCCCC(O)=O	"""InChI=1S/C18H32O2/c1-2-3-4-5-6-7-8-9-10-11-12-13-14-15-16-17-18(19)20/h6-7,9-10H,2-5,8,11-17H2,1H3,(H,19,20)/b7-6-,10-9-"""	OYHQOLUKZRVURQ-HZJYTTRNSA-N	1	Positive	GNPS-SCIEX-LIBRARY	281.247	UPDATE-SINGLE-ANNOTATED-GOLD	Gold		C18H32O2	OYHQOLUKZRVURQ-HZJYTTRNSA-N	OYHQOLUKZRVURQ	Lipids and lipid-like molecules	Fatty Acyls	Lineolic acids and derivatives	Fatty Acids and Conjugates	Unsaturated fatty acids	Fatty acids	mzspec:GNPS:GNPS-LIBRARY:CCMSLIB00006581640
CCMSLIB00012344148	132	spectra_filtered.mgf	MSNLIB-POSITIVE.mgf	0.753065	94873.8	0	7113.32	7	1.97952	280.264	1	temp/spectra_filtered.mgf132	1	PERHEXILINE	ESI	Orbitrap	Crude	Tomas Pluskal	Corinna Brungs	[M+H]+	278.284	277.277	1	N/A	N/A	C1CCC(C(CC2CCCCN2)C2CCCCC2)CC1	InChI=1S/C19H35N/c1-3-9-16(10-4-1)19(17-11-5-2-6-12-17)15-18-13-7-8-14-20-18/h16-20H,1-15H2	CYXKNKQEMFBLER-UHFFFAOYSA-N	1	Positive	MSNLIB-POSITIVE	278.284	UPDATE-SINGLE-ANNOTATED-GOLD	Gold		C19H35N	CYXKNKQEMFBLER-UHFFFAOYSA-N	CYXKNKQEMFBLER	N/A	N/A	N/A	Lysine alkaloids	Piperidine alkaloids	Alkaloids	mzspec:GNPS:GNPS-LIBRARY:CCMSLIB00012344148
CCMSLIB00005435829	232	spectra_filtered.mgf	GNPS-LIBRARY.mgf	0.752658	187536.0	0	3584.98	9	1.97961	554.177	1	temp/spectra_filtered.mgf232	1	Contaminant vial septum ThermoFisher C5000-44B	LC-ESI	Orbitrap	Commercial	Dorrestein	lfnothias	M+H	552.197	0.0	0	 	 	 	 	 	3	Positive	GNPS-LIBRARY	552.197	UPDATE-SINGLE-ANNOTATED-BRONZE	Bronze		N/A	N/A	N/A	N/A	N/A	N/A	N/A	N/A	N/A	mzspec:GNPS:GNPS-LIBRARY:CCMSLIB00005435829
CCMSLIB00004722180	235	spectra_filtered.mgf	GNPS-LIBRARY.mgf	0.752599	63381.3	0	3431.49	6	1.02023	296.295	1	temp/spectra_filtered.mgf235	1	Phytpl, (E,7R,11R)-3,7,11,15-tetramethylhexadec-2-en-1-ol	LC-ESI	Orbitrap	Other	Ales Svatos	Riya Menezes	M+H	297.315	0.0	1	150-86-7	 	CC(C)CCCC(C)CCCC(C)CCCC(=CCO)C	InChI=1S/C20H40O/c1-17(2)9-6-10-18(3)11-7-12-19(4)13-8-14-20(5)15-16-21/h15,17-19,21H,6-14,16H2,1-5H3/b20-15+/t18-,19-/m1/s1	 	3	Positive	GNPS-LIBRARY	297.315	UPDATE-SINGLE-ANNOTATED-BRONZE	Bronze		C20H40O	BOTWFXYSPFMFNR-UHFFFAOYSA-N	BOTWFXYSPFMFNR	Lipids and lipid-like molecules	Prenol lipids	Diterpenoids	Diterpenoids	Phytane diterpenoids	Terpenoids	mzspec:GNPS:GNPS-LIBRARY:CCMSLIB00004722180
CCMSLIB00003134812	180	spectra_filtered.mgf	GNPS-NIST14-MATCHES.mgf	0.749472	54617.8	0	3520.72	6	0.983093	278.248	1	temp/spectra_filtered.mgf180	1	Spectral Match to 9(10)-EpOME from NIST14	ESI	HCD	Isolated	Data from Gabriel Haddad	Data deposited by mjmeehan	M+H-H2O	279.231	0.0	1	N/A	N/A	N/A	N/A	N/A	3	Positive	GNPS-NIST14-MATCHES	279.231	UPDATE-SINGLE-ANNOTATED-BRONZE	Bronze		N/A	N/A	N/A	N/A	N/A	N/A	N/A	N/A	N/A	mzspec:GNPS:GNPS-LIBRARY:CCMSLIB00003134812
CCMSLIB00004707093	286	spectra_filtered.mgf	MONA.mgf	0.747535	297610.0	0	999.453	12	0.848938	850.252	1	temp/spectra_filtered.mgf286	1	(2S,3S,4S,5R,6R)-6-[[(3S,4R,6aR,6bS,8aS,14bR)-4-(hydroxymethyl)-4,6a,6b,11,11,14b-hexamethyl-8a-[(2S,3R,4S,5S,6R)-3,4,5-trihydroxy-6-(hydroxymethyl)oxan-2-yl]oxycarbonyl-1,2,3,4a,5,6,7,8,9,10,12,12a,14,14a-tetradecahydropicen-3-yl]oxy]-3,4,5-trihydroxyoxane-2-carboxylic acid	N/A	ESI-QFT	isolated	MoNA	MoNA:VF-NPL-QEHF016030	[M+K]+	849.403	0.0	1	N/A	N/A	CC1(C)CC[C@]2(C(=O)O[C@@H]3O[C@H](CO)[C@@H](O)[C@H](O)[C@H]3O)CC[C@]3(C)C(=CCC4[C@@]5(C)CC[C@H](O[C@@H]6O[C@H](C(=O)O)[C@@H](O)[C@H](O)[C@H]6O)[C@@](C)(CO)C5CC[C@]43C)C2C1	InChI=1S/C42H66O15/c1-37(2)13-15-42(36(53)57-34-30(49)27(46)26(45)22(18-43)54-34)16-14-40(5)20(21(42)17-37)7-8-24-38(3)11-10-25(39(4,19-44)23(38)9-12-41(24,40)6)55-35-31(50)28(47)29(48)32(56-35)33(51)52/h7,21-32,34-35,43-50H,8-19H2,1-6H3,(H,51,52)/t21?,22-,23?,24?,25+,26-,27+,28+,29+,30-,31-,32+,34+,35-,38+,39+,40-,41-,42+/m1/s1	N/A	3	positive	MONA	849.403	UPDATE-SINGLE-ANNOTATED-BRONZE	Bronze		C42H66O15	RZQHWSDMLZHIRN-MCTPBCADSA-N	RZQHWSDMLZHIRN	Lipids and lipid-like molecules	Prenol lipids	Terpene glycosides	Triterpenoids	Oleanane triterpenoids	Terpenoids	mzspec:GNPS:GNPS-LIBRARY:CCMSLIB00004707093
CCMSLIB00005733471	139	spectra_filtered.mgf	MASSBANK.mgf	0.74346	266963.0	0	3496.78	6	0.983459	280.264	1	temp/spectra_filtered.mgf139	1	Massbank:EQ331604 Linoleic acid|(9Z,12Z)-octadeca-9,12-dienoic acid	ESI	Hybrid FT	Isolated	Massbank	Massbank	M+H	281.247	0.0	1	60-33-3	N/A	CCCCC/C=C\C/C=C\CCCCCCCC(=O)O	1S/C18H32O2/c1-2-3-4-5-6-7-8-9-10-11-12-13-14-15-16-17-18(19)20/h6-7,9-10H,2-5,8,11-17H2,1H3,(H,19,20)/b7-6-,10-9-	N/A	3	Positive	MASSBANK	281.247	UPDATE-SINGLE-ANNOTATED-BRONZE	Bronze		C18H32O2	OYHQOLUKZRVURQ-HZJYTTRNSA-N	OYHQOLUKZRVURQ	Lipids and lipid-like molecules	Fatty Acyls	Lineolic acids and derivatives	Fatty Acids and Conjugates	Unsaturated fatty acids	Fatty acids	mzspec:GNPS:GNPS-LIBRARY:CCMSLIB00005733471
CCMSLIB00005464471	193	spectra_filtered.mgf	GNPS-MSMLS.mgf	0.741478	68019.7	0	3688.29	6	0.826294	223.206	0	temp/spectra_filtered.mgf193	1	GLUCOSAMINE 6-PHOSPHATE	ESI	Orbitrap	Commercial	Dorrestein	Kelly Weldon	M-2H2O+H	224.032	259.046	1	70442-23-8	N/A	N[C@H]1[C@@H](O)O[C@H](COP(O)(O)=O)[C@@H](O)[C@@H]1O	"""InChI=1S/C6H14NO8P/c7-3-5(9)4(8)2(15-6(3)10)1-14-16(11,12)13/h2-6,8-10H,1,7H2,(H2,11,12,13)/t2-,3-,4-,5-,6+/m1/s1"""	N/A	1	Positive	GNPS-MSMLS	224.032	UPDATE-SINGLE-ANNOTATED-GOLD	Gold		C6H14NO8P	XHMJOUIAFHJHBW-UKFBFLRUSA-N	XHMJOUIAFHJHBW	Organic oxygen compounds	Organooxygen compounds	Carbohydrates and carbohydrate conjugates	Aminosugars and aminoglycosides	Aminosugars	Carbohydrates	mzspec:GNPS:GNPS-LIBRARY:CCMSLIB00005464471
CCMSLIB00006114412	84	spectra_filtered.mgf	BIRMINGHAM-UHPLC-MS-POS.mgf	0.736147	251612.0	0	4014.12	8	0.984161	244.191	1	temp/spectra_filtered.mgf84	1	Brassylic acid - 40.0 eV	ESI	Orbitrap	Isolated	PI	Data Collector	M+H	245.175	0.0	1		N/A	C(CCCCCC(=O)O)CCCCCC(=O)O	InChI=1S/C13H24O4/c14-12(15)10-8-6-4-2-1-3-5-7-9-11-13(16)17/h1-11H2,(H,14,15)(H,16,17)	N/A	1	Positive	BIRMINGHAM-UHPLC-MS-POS	245.175	UPDATE-SINGLE-ANNOTATED-GOLD	Gold		C13H24O4	DXNCZXXFRKPEPY-UHFFFAOYSA-N	DXNCZXXFRKPEPY	Lipids and lipid-like molecules	Fatty Acyls	Fatty acids and conjugates	Fatty Acids and Conjugates	Dicarboxylic acids	Fatty acids	mzspec:GNPS:GNPS-LIBRARY:CCMSLIB00006114412
CCMSLIB00000567955	146	spectra_filtered.mgf	MONA.mgf	0.722628	260474.0	0	3496.78	8	0.983459	280.264	1	temp/spectra_filtered.mgf146	1	MoNA:790536 Linoleic acid	LC-ESI	qTof	Isolated	MoNA	MoNA	M+H	281.247	280.24	1	N/A	N/A	CCCCC/C=C\C/C=C\CCCCCCCC(=O)O	InChI=1/C18H32O2/c1-2-3-4-5-6-7-8-9-10-11-12-13-14-15-16-17-18(19)20/h6-7,9-10H,2-5,8,11-17H2,1H3,(H,19,20)/b7-6-,10-9-/f/h19H	N/A	3	Positive	MONA	281.247	UPDATE-SINGLE-ANNOTATED-BRONZE	Bronze		C18H32O2	OYHQOLUKZRVURQ-HZJYTTRNSA-N	OYHQOLUKZRVURQ	Lipids and lipid-like molecules	Fatty Acyls	Lineolic acids and derivatives	Fatty Acids and Conjugates	Unsaturated fatty acids	Fatty acids	mzspec:GNPS:GNPS-LIBRARY:CCMSLIB00000567955
CCMSLIB00010145791	135	spectra_filtered.mgf	MCE-DRUG.mgf	0.72143	75297.5	0	7113.32	8	1.97952	280.264	1	temp/spectra_filtered.mgf135	1	PERHEXILINE	ESI	Orbitrap	Crude	Tomas Pluskal	Corinna Brungs	M+H	278.284	277.277	1	N/A	N/A	C1CCC(C(CC2CCCCN2)C2CCCCC2)CC1	"""InChI=1S/C19H35N/c1-3-9-16(10-4-1)19(17-11-5-2-6-12-17)15-18-13-7-8-14-20-18/h16-20H,1-15H2"""	CYXKNKQEMFBLER-UHFFFAOYSA-N	3	Positive	MCE-DRUG	278.284	UPDATE-SINGLE-ANNOTATED-BRONZE	Bronze		C19H35N	CYXKNKQEMFBLER-UHFFFAOYSA-N	CYXKNKQEMFBLER	N/A	N/A	N/A	Lysine alkaloids	Piperidine alkaloids	Alkaloids	mzspec:GNPS:GNPS-LIBRARY:CCMSLIB00010145791
CCMSLIB00005720013	176	spectra_filtered.mgf	LDB_POSITIVE.mgf	0.714952	120589.0	0	3167.9	10	0.947906	298.274	1	temp/spectra_filtered.mgf176	1	Nephrosteranic acid	LC-ESI	Orbitrap	Isolated	Jean-Luc WOLFENDER Pierre-Marie ALLARD	Damien OLIVIER	[M+H]	299.222	298.214	1	N/A	N/A	CCCCCCCCCCCC1[C@H](C(=O)O)C(C)C(=O)O1	"""InChI=1S/C17H30O4/c1-3-4-5-6-7-8-9-10-11-12-14-15(16(18)19)13(2)17(20)21-14/h13-15H,3-12H2,1-2H3,(H,18,19)/t13?,14?,15-/m1/s1"""	N/A	3	Positive	LDB_POSITIVE	299.222	UPDATE-SINGLE-ANNOTATED-BRONZE	Bronze		C17H30O4	PKXAQFKGSXYQJX-YMAMQOFZSA-N	PKXAQFKGSXYQJX	Organoheterocyclic compounds	Lactones	Gamma butyrolactones	Fatty acyls	Paraconic acids and derivatives	Fatty acids	mzspec:GNPS:GNPS-LIBRARY:CCMSLIB00005720013
CCMSLIB00000213344	209	spectra_filtered.mgf	MASSBANK.mgf	0.712681	488223.0	0	7265.27	7	1.86935	259.169	1	temp/spectra_filtered.mgf209	1	Massbank:FFF00150 5-beta-Androstane-3-alpha,17-beta-diol|Etiocholane-3-alpha,17-beta-diol	ESI	LC-APPI-QQ	Isolated	Putative Massbank Match	Massbank	[M-2H2O+H]+	257.3	0.0	1	1851-23-6	N/A	OC(C4)CC([H])(C3)C(C)(C4)C(C2)C(C3)C(C1)C(C)(C2)C(O)C1	1S/C19H32O2/c1-18-9-7-13(20)11-12(18)3-4-14-15-5-6-17(21)19(15,2)10-8-16(14)18/h12-17,20-21H,3-11H2,1-2H3/t12-,13-,14?,15?,16?,17+,18?,19?/m1/s1	N/A	3	Positive	MASSBANK	257.3	UPDATE-SINGLE-ANNOTATED-BRONZE	Bronze		C19H32O2	CBMYJHIOYJEBSB-UHFFFAOYSA-N	CBMYJHIOYJEBSB	Lipids and lipid-like molecules	Steroids and steroid derivatives	Androstane steroids	Steroids	Androstane steroids	Terpenoids	mzspec:GNPS:GNPS-LIBRARY:CCMSLIB00000213344
CCMSLIB00004699033	170	spectra_filtered.mgf	MONA.mgf	0.711683	85078.1	0	2008.14	7	0.7211	358.368	0	temp/spectra_filtered.mgf170	1	Carpachromene	N/A	ESI-QFT	isolated	MoNA	MoNA:VF-NPL-QEHF007970	[M+Na]+	359.089	0.0	1	N/A	N/A	CC1(C)C=Cc2c(cc3oc(-c4ccc(O)cc4)cc(=O)c3c2O)O1	InChI=1S/C20H16O5/c1-20(2)8-7-13-16(25-20)10-17-18(19(13)23)14(22)9-15(24-17)11-3-5-12(21)6-4-11/h3-10,21,23H,1-2H3	N/A	3	positive	MONA	359.089	UPDATE-SINGLE-ANNOTATED-BRONZE	Bronze		C20H16O5	YXOATFKTEDZPFL-UHFFFAOYSA-N	YXOATFKTEDZPFL	Phenylpropanoids and polyketides	Flavonoids	Pyranoflavonoids	Flavonoids	Flavones	Shikimates and Phenylpropanoids	mzspec:GNPS:GNPS-LIBRARY:CCMSLIB00004699033
CCMSLIB00016348371	20	spectra_filtered.mgf	GNPS-ALKYLAMINES-LIBRARY.mgf	0.706908	208072.0	0	3651.11	6	0.916992	252.071	1	temp/spectra_filtered.mgf20	1	Tryptamine_Benzaldehyde (known isomers: 0; isobaric peaks in run: 1)	LC-ESI	Orbitrap	Crude	Pieter Dorrestein	Julius	[M+H]+	251.154	250.147	1	N/A	Benzaldehyde_Amine_batch2_P2_F10.mzML:scan:711	c1ccc(CNCCc2c[nH]c3ccccc23)cc1	InChI=1S/C17H18N2/c1-2-6-14(7-3-1)12-18-11-10-15-13-19-17-9-5-4-8-16(15)17/h1-9,13,18-19H,10-12H2		1	Positive	GNPS-ALKYLAMINES-LIBRARY	251.154	UPDATE-SINGLE-ANNOTATED-GOLD	Gold		C17H18N2	PRRZWJAGZHENJJ-UHFFFAOYSA-N	PRRZWJAGZHENJJ	Organoheterocyclic compounds	Indoles and derivatives	Tryptamines and derivatives	Tryptophan alkaloids	Simple indole alkaloids	Alkaloids	mzspec:GNPS:GNPS-LIBRARY:CCMSLIB00016348371
CCMSLIB00005738623	153	spectra_filtered.mgf	MASSBANK.mgf	0.703892	116269.0	0	3694.26	8	1.03156	280.264	1	temp/spectra_filtered.mgf153	1	Massbank:RP030402 ?-linolenic acid|linolenic acid|(9Z,12Z,15Z)-octadeca-9,12,15-trienoic acid	ESI	qTof	Isolated	Massbank	Massbank	M+H	279.232	0.0	1	463-40-1	N/A	CC/C=C\C/C=C\C/C=C\CCCCCCCC(=O)O	1S/C18H30O2/c1-2-3-4-5-6-7-8-9-10-11-12-13-14-15-16-17-18(19)20/h3-4,6-7,9-10H,2,5,8,11-17H2,1H3,(H,19,20)/b4-3-,7-6-,10-9-	N/A	3	Positive	MASSBANK	279.232	UPDATE-SINGLE-ANNOTATED-BRONZE	Bronze		C18H30O2	DTOSIQBPPRVQHS-PDBXOOCHSA-N	DTOSIQBPPRVQHS	Lipids and lipid-like molecules	Fatty Acyls	Lineolic acids and derivatives	Fatty Acids and Conjugates	Unsaturated fatty acids	Fatty acids	mzspec:GNPS:GNPS-LIBRARY:CCMSLIB00005738623
